{
  "incidence_after_transform": 5.551115123125783e-17,
  "meet_after_transform_affine": [
    0.9478494623655913,
    0.10161290322580632,
    1.0
  ],
  "projective_transform_error": 1.1188630228279524e-16,
  "rotation_distance_error": 4.440892098500626e-16,
  "translated_meet_affine": [
    0.9478494623655914,
    0.10161290322580634,
    1.0
  ]
}