{
  "artifacts": [
    "artifacts/chapter-09/figures/epipolar-fan-geometry.png",
    "artifacts/chapter-09/interactive/epipolar-fan-geometry.html",
    "artifacts/chapter-09/figures/point-to-epiline-map.png",
    "artifacts/chapter-09/figures/special-motion-epipoles.png",
    "artifacts/chapter-09/figures/essential-singular-values.png"
  ],
  "essential_checks": {
    "essential_equal_nonzero_gap": 1.1102230246251565e-16,
    "essential_zero_tail": 5.720326732102908e-17,
    "opencv_E_singular_values_normalized": [
      1.0,
      0.9999999999999997,
      4.502261039518236e-16
    ],
    "opencv_inlier_count": 6,
    "projected_E_singular_values": [
      6.273692581244248,
      6.273692581244247,
      3.588757138148717e-16
    ],
    "true_E_singular_values": [
      1.2071868123865506,
      1.2071868123865503,
      6.125984616364751e-17
    ],
    "upgraded_E_singular_values": [
      6.2736925812448,
      6.273692581243692,
      3.318730163243784e-16
    ]
  },
  "fan_checks": {
    "left_epipole_matches_camera_projection": 2.890538932621871e-08,
    "left_null_residual_norm": 2.1505243549350696e-13,
    "rank_F": 2,
    "right_epipole_matches_camera_projection": 4.247077941753914e-10,
    "right_null_residual_norm": 1.895150706212136e-13
  },
  "libraries": [
    "numpy",
    "opencv-contrib-python/cv2",
    "matplotlib",
    "plotly optional HTML",
    "course utils"
  ],
  "line_map_checks": {
    "max_abs_epipolar_residual": 1.4077627952246985e-13,
    "max_cv2_line_scale_error": 1.1368690548423162e-13,
    "max_sampson_error": 1.4647894866674357e-22
  },
  "source_span": {
    "pdf_pages": "257-279",
    "printed_pages": "239-261"
  },
  "special_motion_checks": {
    "general": {
      "left_epipole": [
        32750.974003238585,
        -4494.122400304997,
        1.0
      ],
      "left_epipole_w": 1.0,
      "rank": 2
    },
    "lateral_translation": {
      "left_epipole": [
        1.0,
        0.0,
        0.0
      ],
      "left_epipole_w": 0.0,
      "rank": 2
    }
  }
}
