{
  "ellipsoid_K_at_farthest_point": 1.9290123456790123,
  "ellipsoid_semiaxes": {
    "a": 3.0,
    "b": 1.8,
    "c": 1.2
  },
  "farthest_point": [
    3.0,
    0.0,
    0.0
  ],
  "positive_curvature_margin": 1.817901234567901,
  "principal_curvature_magnitudes_at_farthest_point": [
    0.9259259259259258,
    2.0833333333333335
  ],
  "support_sphere_K": 0.1111111111111111
}