{
  "chapter": 20,
  "concept_count": 6,
  "monotone_curve": true,
  "title": "Tone Reproduction",
  "tone_max": 0.8888888888888888,
  "tone_min": 0.019444433949519536
}