{
  "booleans": {
    "axial_R_in_unit_interval": true,
    "axial_inertia_psd": true,
    "axial_inertia_trace_one": true,
    "axial_vectors_unit_norm": true,
    "bingham_is_antipodally_symmetric": true,
    "densities_positive_on_grid": true,
    "directional_R_in_unit_interval": true,
    "directional_inertia_psd": true,
    "directional_inertia_trace_one": true,
    "fisher_density_normalizes": true,
    "inertia_decomposition_identity": true,
    "polar_vectors_unit_norm": true,
    "tangent_covariance_reasonable": true,
    "uniform_null_scaling_reasonable": true,
    "watson_densities_normalize": true
  },
  "numeric": {
    "asymptotic_limit_diagnostics": {
      "high_dim_coordinate_variance": {
        "200": 0.9959977434777056,
        "50": 1.0026165663993234,
        "6": 1.0086372196300073
      },
      "radial_chisq_mean_error_df2": 0.011598818492947416,
      "radial_chisq_var_error_df2": 0.07020248889595981,
      "tangent_scaled_covariance": [
        [
          0.9640554365075222,
          0.000137887054352898
        ],
        [
          0.000137887054352898,
          0.9681423619128502
        ]
      ],
      "tangent_scaled_covariance_identity_error": 0.035944563492477766,
      "tangent_scaled_mean_norm": 0.014643740181161009,
      "uniform_null_chisq_mean_error_df3": 0.011053637039191155,
      "uniform_null_chisq_var_error_df3": 0.19330312925388338
    },
    "density_normalization_and_positivity": {
      "bingham_intensity_min": 0.00022579362233854654,
      "bingham_sign_symmetry_error": 0.0,
      "fisher_A3_numeric_error": 0.0,
      "fisher_density_min": 7.383976160056471e-05,
      "fisher_grid_min_density": 7.373100125886728e-05,
      "fisher_s2_integral": 1.0,
      "fisher_s2_integral_quad_error": 2.303580498657908e-12,
      "watson_girdle_density_min": 0.002732219689144911,
      "watson_girdle_grid_min_density": 0.0027228399053722116,
      "watson_girdle_integral": 0.9999999999999999,
      "watson_positive_density_min": 0.05823380351306984,
      "watson_positive_grid_min_density": 0.05823379992020043,
      "watson_positive_integral": 0.9999999999999998
    },
    "inertia_identities": {
      "axial_T_decomposition_error": 2.7755575615628914e-17,
      "axial_T_min_eigenvalue": 0.018680865932987283,
      "axial_T_symmetric_error": 0.0,
      "axial_T_trace": 1.0,
      "axial_rotation_R_error": 1.265615952095492e-18,
      "axial_rotation_eigenvalue_error": 4.440892098500626e-16,
      "axial_trace_variance_identity_error": 0.0,
      "directional_T_decomposition_error": 4.440892098500626e-16,
      "directional_T_min_eigenvalue": 0.03978563889398748,
      "directional_T_symmetric_error": 0.0,
      "directional_T_trace": 1.0,
      "directional_rotation_R_error": 3.3306690738754696e-16,
      "directional_rotation_eigenvalue_error": 2.42861286636753e-16,
      "directional_trace_variance_identity_error": 4.440892098500626e-16
    },
    "lab_decisions": [
      {
        "R_mean_resultant": 0.9482,
        "lambda1_inertia": 0.9012,
        "lambda2_inertia": 0.0591,
        "lambda3_inertia": 0.0398,
        "principal_axis_alignment_with_true_axis": 0.9997,
        "recommended_summary": "mean direction + vMF/Fisher",
        "sample": "directional synthetic sample"
      },
      {
        "R_mean_resultant": 0.0,
        "lambda1_inertia": 0.9474,
        "lambda2_inertia": 0.034,
        "lambda3_inertia": 0.0187,
        "principal_axis_alignment_with_true_axis": 0.9992,
        "recommended_summary": "principal axis + Watson/Bingham",
        "sample": "antipodal axial sample"
      }
    ],
    "source_span": {
      "pdf": "175-208",
      "printed": "159-192"
    },
    "unit_norms": {
      "axial_R": 6.89660160107413e-18,
      "axial_inertia_eigenvalues": [
        0.947361665088126,
        0.03395746897888655,
        0.018680865932987283
      ],
      "axial_max_unit_norm_error": 1.1102230246251565e-16,
      "polar_R": 0.9481673268263642,
      "polar_inertia_eigenvalues": [
        0.9011531596008393,
        0.05906120150517288,
        0.039785638893987486
      ],
      "polar_max_unit_norm_error": 1.1102230246251565e-16
    }
  }
}