{
  "artifact_count": 4,
  "artifacts": [
    {
      "bytes": 45365,
      "height": 557,
      "max_channel_stddev": 37.92714321883486,
      "path": "D:/Geometry/Mathematical-Foundations-of-Geometric-Deep-Learning/artifacts/chapter-01/figures/set_operations_panel.png",
      "pixel_std": 31.54058450957798,
      "sha256": "07168366a02efeceb7f75d30b89e1775bd95a6fdbb106e802e11dfe6742ac550",
      "width": 1192
    },
    {
      "bytes": 25733,
      "height": 398,
      "max_channel_stddev": 39.2273337025166,
      "path": "D:/Geometry/Mathematical-Foundations-of-Geometric-Deep-Learning/artifacts/chapter-01/figures/c4_square_rotations.png",
      "pixel_std": 33.9058243648582,
      "sha256": "30e4c36bf03c05e82d66a135ead55b12c6fbdd4ba359b59f21e2a7f59ebcc109",
      "width": 1490
    },
    {
      "bytes": 7019,
      "height": 314,
      "max_channel_stddev": 123.36980837900495,
      "path": "D:/Geometry/Mathematical-Foundations-of-Geometric-Deep-Learning/artifacts/chapter-01/figures/invariance_equivariance_toy_image.png",
      "pixel_std": 120.33046996756495,
      "sha256": "d39f53aecc2da92501e10f9fbdb1b174399f550ce490675307ddbc72299a35ee",
      "width": 1192
    },
    {
      "bytes": 25593,
      "height": 523,
      "max_channel_stddev": 34.674086393928974,
      "path": "D:/Geometry/Mathematical-Foundations-of-Geometric-Deep-Learning/artifacts/chapter-01/figures/tensor_einsum_index_flow.png",
      "pixel_std": 30.98690128536732,
      "sha256": "7b09ec01ca66e953dfc5d4e9da0712f1fe8333d0f6c2ae8821b22e9d1698c47b",
      "width": 959
    }
  ],
  "einsum_equivalence": true,
  "invariant_rotation_sums": [
    8.1,
    8.1,
    8.1,
    8.1
  ],
  "power_set_size_for_three": 8
}