{
  "distance_after_translation": 2.9681644159311658,
  "distance_before": 2.968164415931166,
  "homogeneous_inner_after_e0_square_1": 23.909999999999997,
  "homogeneous_inner_after_e0_square_minus_1": 21.909999999999997,
  "homogeneous_inner_before_e0_square_1": -0.74,
  "homogeneous_inner_before_e0_square_minus_1": -2.74
}