{
  "complex_expected": [
    -0.3178813074240821,
    1.2344842949144212
  ],
  "complex_input": [
    0.55,
    1.15
  ],
  "complex_rotated_by_rotor": [
    -0.3178813074240821,
    1.2344842949144215
  ],
  "q1_wxyz": [
    0.9537169507482269,
    -0.0,
    0.0,
    0.3007057995042731
  ],
  "q2_times_q1_wxyz": [
    0.8174949843067071,
    -0.49120054232245375,
    0.15487493609096956,
    0.2577551784665484
  ],
  "q2_wxyz": [
    0.8571673007021123,
    -0.5150380749100542,
    0.0,
    -0.0
  ],
  "rotor_product": "0.817495 - 0.257755e1^e2 + 0.154875e1^e3 + 0.491201e2^e3"
}