{
  "coverage_radius_by_stage": {
    "1": 0.3535533905932738,
    "2": 0.1767766952966369,
    "3": 0.08838834764831845,
    "4": 0.04419417382415922
  },
  "coverage_radius_strictly_decreases": true,
  "grid_cells_by_stage": {
    "1": 4,
    "2": 16,
    "3": 64,
    "4": 256
  },
  "stage_4_visits_all_16_by_16_cells": true,
  "stages": [
    1,
    2,
    3,
    4
  ]
}