{
  "checks": {
    "edges_are_linear_for_triangulated_hull": true,
    "euler_characteristic_is_two": true,
    "faces_are_orientable_after_library_hull": true
  },
  "edge_count": 18,
  "euler_characteristic": 2,
  "face_count": 12,
  "face_orientation_signs": [
    2.3511875000000004,
    -2.4849374999999996,
    1.6664374999999998,
    -2.0535625,
    2.0272499999999996,
    -2.079,
    2.2909374999999996,
    -2.1498125,
    -2.1190625,
    1.9721874999999995,
    -2.3783125,
    2.3783125
  ],
  "hull_vertices": [
    0,
    1,
    2,
    3,
    4,
    5,
    6,
    7
  ]
}
