direct_alpha,formula_alpha,pair,psi_value,reciprocal_class_error,symmetric_value_error
11.562539579519838,0.08648619043616083,A,2.4122564424890007,3.3306690738754696e-16,3.552713678800501e-15
10.175247907024094,0.09827770381001608,B,2.068381402708528,1.1102230246251565e-16,1.7763568394002505e-15
13.04926058681159,0.07663269449999824,C,2.781473320327898,2.220446049250313e-16,3.552713678800501e-15
11.636196438295627,0.0859387348179274,D,2.4305337932783884,7.771561172376096e-16,8.881784197001252e-15
