{
  "fixed_hinge": {
    "leg_a": 1.25,
    "leg_b": 1.05,
    "included_angle_degrees": 64.0
  },
  "model_opposite_sides": {
    "-1": 1.3985510701054555,
    "0": 1.2305591166939813,
    "1": 1.026577622725381
  },
  "side_decreases_as_k_increases": true,
  "quadruple_fan_sum_radians": 6.283185307179586,
  "quadruple_fan_sum_minus_2pi_abs": 0.0
}