{
  "artifact_stats": {
    "concept-dependency-map.png": {
      "file_size": 88543,
      "height": 705,
      "pixel_std": 27.31152104721749,
      "width": 1073
    },
    "velocity-kinematics-checks.png": {
      "file_size": 22848,
      "height": 617,
      "pixel_std": 86.36542048040022,
      "width": 1198
    },
    "velocity-kinematics-lab.png": {
      "file_size": 47547,
      "height": 863,
      "pixel_std": 25.882300956567686,
      "width": 844
    }
  },
  "chapter": "chapter-05-velocity-kinematics-and-statics",
  "lab_summary": {
    "max_manipulability": 0.7998754027495988,
    "min_manipulability": 2.127037566238417e-09,
    "theme": "kinematics"
  },
  "metrics": {
    "manipulability": 0.7561652306408512,
    "rank": 2.0
  },
  "worked_example": {
    "endpoint": [
      2.041,
      0.2891
    ],
    "jacobian_rank": 2,
    "manipulability": 0.6634786252851155,
    "power_pairing_error": 1.1102230246251565e-16,
    "rotation_log_round_trip": 6.359601310784502e-17
  }
}