label,source_parameter,target_parameter
X1,-1,-1.1764706
X2,0.25,1.1650485
X3,1.7,2.4512535
X4,3.2,3.1896552
