{
  "angle": 1.25,
  "axis": [
    0.1401807940547993,
    0.32708851946119843,
    0.9345386270319954
  ],
  "axis_point": [
    0.35065502183406133,
    -0.44847161572052374,
    0.10436681222707422
  ],
  "kind": "screw",
  "max_endpoint_error": 6.866350197783356e-16,
  "parallel_displacement": 0.35,
  "pitch": 0.27999999999999997
}