{
  "determinant_rotation": 1.0000000000000002,
  "infinity_error": 0.0,
  "max_distance_residual": 2.6645352591003757e-15,
  "max_point_action_residual": 2.2887833992611187e-16,
  "metric_error": 3.9340370205249993e-16
}