{
  "closest_distance_for_skew_pair": 1.1244197808761502,
  "closest_point_on_a": [
    -0.4859190617534207,
    -0.24295953087671035,
    -0.09718381235068416
  ],
  "closest_point_on_b": [
    -0.5586548903207122,
    0.2961413161514515,
    -1.0812567870846304
  ],
  "intersecting_line_side_value": 0.0,
  "skew_line_side_value": -5.91
}