{
  "camera_names": [
    "left",
    "right",
    "top"
  ],
  "max_position_error": 0.003004540793886123,
  "mean_position_error": 0.0023550582661825818,
  "reconstructions": [
    {
      "error": 0.0019221086195866318,
      "estimate": [
        -0.7991812832903865,
        -0.4984688718575252,
        0.10082453084006027
      ],
      "marker_index": 0,
      "noisy_images": [
        [
          -0.24579670382580812,
          -0.3462634749075776,
          1.0
        ],
        [
          -0.08093497057117321,
          -0.17953745070467192,
          1.0
        ],
        [
          -0.24539359106857447,
          -0.061618365667182165,
          1.0
        ]
      ],
      "rms_ray_residual": 0.002595266642997006,
      "truth": [
        -0.8,
        -0.5,
        0.1
      ]
    },
    {
      "error": 0.0028065728601739314,
      "estimate": [
        0.6024948136220022,
        -0.3987147694198396,
        0.19996936396309037
      ],
      "marker_index": 1,
      "noisy_images": [
        [
          0.08855401513376397,
          -0.14193475617626292,
          1.0
        ],
        [
          0.1457965595064036,
          -0.2831357642592484,
          1.0
        ],
        [
          0.19530699568329807,
          -0.08771759019683104,
          1.0
        ]
      ],
      "rms_ray_residual": 0.0024411511748696703,
      "truth": [
        0.6,
        -0.4,
        0.2
      ]
    },
    {
      "error": 0.0016550456487405612,
      "estimate": [
        0.8991529320544569,
        0.6011466682964721,
        -0.10084071624994055
      ],
      "marker_index": 2,
      "noisy_images": [
        [
          0.02189553483559357,
          0.2429985299228882,
          1.0
        ],
        [
          0.45243670862541513,
          0.41109216674304844,
          1.0
        ],
        [
          0.35015986374085084,
          0.22186239216260464,
          1.0
        ]
      ],
      "rms_ray_residual": 0.0023366286917814918,
      "truth": [
        0.9,
        0.6,
        -0.1
      ]
    },
    {
      "error": 0.0023870234085256615,
      "estimate": [
        -0.49827200527627297,
        0.7012516987641207,
        0.1510701239140957
      ],
      "marker_index": 3,
      "noisy_images": [
        [
          -0.13487005848923306,
          0.3875842299157523,
          1.0
        ],
        [
          -0.06212974232870456,
          0.32512472762407324,
          1.0
        ],
        [
          -0.20280880803605306,
          0.2012003224407392,
          1.0
        ]
      ],
      "rms_ray_residual": 0.0019034551746284112,
      "truth": [
        -0.5,
        0.7,
        0.15
      ]
    },
    {
      "error": 0.003004540793886123,
      "estimate": [
        0.2027728157033304,
        0.10113969375992866,
        0.899800358844248
      ],
      "marker_index": 4,
      "noisy_images": [
        [
          0.3575256891353018,
          0.04766965307271666,
          1.0
        ],
        [
          -0.3641866364341962,
          0.04771113497142188,
          1.0
        ],
        [
          0.07015121774464314,
          -0.20383127574552742,
          1.0
        ]
      ],
      "rms_ray_residual": 0.0017438997597026115,
      "truth": [
        0.2,
        0.1,
        0.9
      ]
    }
  ]
}