{
  "camera_center_after_view_transform": [
    5.551115123125783e-17,
    -2.7755575615628914e-17,
    -4.440892098500626e-16,
    1.0
  ],
  "camera_cube_z_range": [
    2.2501224547010072,
    3.5731408438696146
  ],
  "left_view_matrix": [
    [
      0.3744630496012833,
      -0.0,
      0.9272418371079396,
      -0.18544836742158793
    ],
    [
      0.06596913083603988,
      0.9974659446122375,
      -0.02664137976070841,
      0.0053282759521417035
    ],
    [
      0.9248921549348574,
      -0.07114555037960442,
      -0.37351413949292317,
      2.8858413872727042
    ],
    [
      0.0,
      0.0,
      0.0,
      1.0
    ]
  ],
  "object_matrix": [
    [
      0.882947592858927,
      -0.4694715627858908,
      0.0,
      0.15
    ],
    [
      0.4694715627858908,
      0.882947592858927,
      0.0,
      -0.25
    ],
    [
      0.0,
      0.0,
      1.0,
      0.35
    ],
    [
      0.0,
      0.0,
      0.0,
      1.0
    ]
  ],
  "world_cube_centroid": [
    0.15000000000000002,
    -0.25,
    0.35
  ]
}