{
  "direction": [
    2.5,
    1.3,
    1.3
  ],
  "grassmann_plucker_constraint": -2.220446049250313e-16,
  "moment": [
    -0.65,
    0.09999999999999998,
    1.15
  ],
  "nearest_point_dot_direction": 5.551115123125783e-17,
  "nearest_point_to_origin": [
    -0.14174454828660435,
    0.3862928348909657,
    -0.11370716510903425
  ],
  "same_line_moment_delta_norm": 4.2914688736145975e-16
}