{
  "absolute_direction_alignment_with_original": 1.0,
  "endpoint_plane_residuals": [
    [
      0.0,
      -2.7755575615628914e-17
    ],
    [
      1.1102230246251565e-16,
      0.0
    ]
  ],
  "image_lines": {
    "left": [
      -0.18980496948835515,
      0.9818218135474097,
      -0.19387705587683388
    ],
    "right": [
      -0.9206637328601561,
      0.39035662027946066,
      -0.02808983178291482
    ]
  },
  "ray_planes": {
    "left": {
      "normal": [
        -0.13771827136241352,
        0.9795018626113232,
        -0.14700264920707065
      ],
      "offset": 0.3702145665557015
    },
    "right": {
      "normal": [
        -0.3405179071990626,
        0.3908216889443787,
        0.8551642896703732
      ],
      "offset": 0.22481920918483567
    }
  },
  "reconstructed_direction": [
    0.8950868382132251,
    0.1678287821649797,
    0.27971463694163284
  ],
  "reconstructed_point_on_line": [
    -0.0879310344827586,
    0.37413793103448273,
    0.05689655172413792
  ]
}