{
  "artifact_count": 4,
  "artifacts": [
    {
      "bytes": 18405,
      "height": 447,
      "max_channel_stddev": 25.297865330352266,
      "path": "D:/Geometry/Mathematical-Foundations-of-Geometric-Deep-Learning/artifacts/chapter-05/figures/cauchy-boundary-escape.png",
      "pixel_std": 23.90520822100653,
      "sha256": "00deaedb6624f79925f65252a8e8b4a922e6c94f6208eb937b2a62c192c6ce9a",
      "width": 843
    },
    {
      "bytes": 31747,
      "height": 469,
      "max_channel_stddev": 29.075780864759338,
      "path": "D:/Geometry/Mathematical-Foundations-of-Geometric-Deep-Learning/artifacts/chapter-05/figures/rational-cauchy-sqrt2-gap.png",
      "pixel_std": 28.07758489538332,
      "sha256": "b24894d445318df4a5cfaedf08998ed0d8d5b2f451ae3e0f34825d825536b157",
      "width": 933
    },
    {
      "bytes": 39622,
      "height": 441,
      "max_channel_stddev": 60.20118090738122,
      "path": "D:/Geometry/Mathematical-Foundations-of-Geometric-Deep-Learning/artifacts/chapter-05/plots/l2-function-basis-reconstruction.png",
      "pixel_std": 50.40945705970869,
      "sha256": "6ab172c5ad3376bb79a265f6a3f5058a1006d334db5f274c83ca71a845e89261",
      "width": 1240
    },
    {
      "bytes": 39411,
      "height": 398,
      "max_channel_stddev": 27.731408580678796,
      "path": "D:/Geometry/Mathematical-Foundations-of-Geometric-Deep-Learning/artifacts/chapter-05/figures/operator-properties-gallery.png",
      "pixel_std": 23.443734727815645,
      "sha256": "bc43a5e9e88e563a3497a31f32193d1c40f9381c1f9f21fa452ab18b54aeabc6",
      "width": 1470
    }
  ],
  "gram_near_identity": 0.0035355339059327307,
  "sqrt2_residual_last": 4.440892098500626e-16,
  "tail_diameter_last": 0.00293040293040292
}