{
  "angle_A_degrees": 68.19859051364818,
  "chapter": 8,
  "midpoint_between": true,
  "minimum_visual_stddev": 38.463800017681706,
  "sample_angle_defect": 0.7415926535897928,
  "sample_disk_distance": 0.9002827311647958,
  "shoelace_area_square": 1.0,
  "triangle_area": 1.25,
  "visual_count": 4
}
