iteration,perimeter
0,8.376364856226877
1,6.77862826055927
2,5.498199920472029
3,4.462169901537179
4,3.621946155815051
5,2.9400551339034515
6,2.386565500515963
