{
  "expected_octant_area": 1.5707963267948966,
  "hyperboloid_distance": 0.5108256237659907,
  "poincare_disk_distance": 0.5108256237659907,
  "spherical_octant_area": 1.5707963267948966,
  "visual_artifact": "artifacts\\chapter-10\\figures\\principal-curvature-rose.png",
  "visual_metrics": {
    "file_size": 117802,
    "height": 789,
    "pixel_std": 31.46651848694113,
    "width": 750
  },
  "visual_title": "Principal Curvature Rose"
}