{
  "R_mod_Z_representative": 0.27,
  "SO2_determinant": 1.0,
  "circle_homomorphism_max_error": 1.4217791915866692e-15,
  "circle_inverse_max_error": 1.5700924586837752e-16,
  "concept": "topological group quotient and orthogonal action checks",
  "integer_translate_max_error": 1.4054300946555646e-15,
  "random_O3_first_column_norm": 1.0000000000000002,
  "random_O3_orthogonality_error": 3.927336727901461e-16
}