angle_deg,cue,distance_m
5.0,ground_declination,18.516684730473376
10.0,ground_declination,9.18747654778069
20.0,ground_declination,4.450913419516489
35.0,ground_declination,2.313599770922226
0.75,vergence,2.4444802979563534
1.0,vergence,1.8332787721843016
1.5,vergence,1.2220306975048194
2.0,vergence,0.9163601050532993
58.0,texture_foreshortening,0.5299192642332049
