border_visual_angle_deg,distance_to_screen,fov_error_deg,viewer_case
85.91996272430963,1.073871500692704,25.919962724309627,too close
59.99999999999999,1.7320508075688774,-7.105427357601002e-15,matched
38.5708282837157,2.8578838324886475,-21.4291717162843,too far
