{
  "artifact": "artifacts/chapter-03/figures/topologist-sine-curve.png",
  "closure_witnesses": [
    {
      "absolute_error": 4.551914400963142e-15,
      "axis_height": -0.75,
      "graph_x_near_axis": 0.0038946491862326005,
      "sin_1_over_x": -0.7500000000000046
    },
    {
      "absolute_error": 2.0577780109495062e-14,
      "axis_height": 0.0,
      "graph_x_near_axis": 0.003929751681281367,
      "sin_1_over_x": 2.0577780109495062e-14
    },
    {
      "absolute_error": 2.2648549702353193e-14,
      "axis_height": 0.75,
      "graph_x_near_axis": 0.003965492689221537,
      "sin_1_over_x": 0.7499999999999774
    }
  ],
  "curve_sample_count": 5500,
  "path_components_described": [
    "Y vertical segment",
    "Z oscillating graph"
  ],
  "vertical_segment_y_range": [
    -1.0,
    1.0
  ],
  "x_max_sampled": 1.0,
  "x_min_sampled": 0.006
}