derivative_residual,join,position_residual,tangent_direction_sine
0.9899494936611668,C0 only,0.0,0.5662018424294002
0.7433034373659254,G1 only,0.0,2.009453438235578e-16
0.0,C1,0.0,0.0
