{
  "inside_klein": true,
  "inside_poincare": true,
  "max_klein_radius": 0.9468060128462684,
  "max_poincare_radius": 0.7162978701990245,
  "sample_count": 480
}
