{
  "artifact_count": 4,
  "covariance_min_eigenvalue": 0.9109674579371627,
  "homography_reprojection_max_error": 9.42055475210265e-16,
  "line_incidence_residual": 0.0,
  "median_epipolar_sampson_error": 7.559510043684431e-22,
  "mode": "p3",
  "rank_estimate": 9,
  "seed": 104,
  "smallest_singular_ratio": 0.00579303326390904,
  "title": "Projective Geometry and Transformations of 3D",
  "triangulation_rmse": 1.4443570596498132e-15
}
