{
  "chapter": 7,
  "similarity_center_error": 4.171839369083926e-15,
  "similarity_expected_center": [
    1.3494088054444449,
    1.9726116158254678,
    0.8231923935682397
  ],
  "similarity_expected_radius": 0.7424,
  "similarity_fit_center": [
    1.3494088054444489,
    1.9726116158254683,
    0.8231923935682386
  ],
  "similarity_fit_radius": 0.7424000000000082,
  "similarity_max_fit_residual": 1.2434497875801753e-14,
  "similarity_radius_error": 8.215650382226158e-15,
  "source_span": {
    "pdf_pages": "114-124",
    "printed_pages": "96-106",
    "source_note": "Scanned PDF pages rendered privately for orientation only."
  },
  "unit_inversion_center_error": 2.0014830212433605e-16,
  "unit_inversion_fit_center": [
    0.5546776742236125,
    0.1773678609435972,
    0.13544454835692873
  ],
  "unit_inversion_fit_radius": 0.1870424715405203,
  "unit_inversion_formula_center": [
    0.5546776742236125,
    0.17736786094359702,
    0.13544454835692862
  ],
  "unit_inversion_formula_radius": 0.18704247154052048,
  "unit_inversion_max_fit_residual": 3.885780586188048e-16,
  "unit_inversion_radius_error": 1.6653345369377348e-16
}