sample,trace,max_abs_det_exp_residual
X1,0.40000000,4.441e-16
X2,0.20000000,4.441e-16
X3,1.01980205,1.332e-15
