{
  "homotopy_min_radius": 0.994537786868006,
  "homotopy_stays_inside_annulus": true,
  "max_euclidean_distance_raw_to_smooth": 0.04190241807583018,
  "retracted_radius_max_error": 1.1102230246251565e-16,
  "smooth_radius_max": 0.9992361934686353,
  "smooth_radius_min": 0.994537786868006
}
