{
  "catenoid_K_range": [
    -0.9993264945047124,
    -0.039098843805021745
  ],
  "catenoid_max_abs_H_formula": 0.0,
  "helicoid_K_range": [
    -0.9987870738430331,
    -0.06608468091011824
  ],
  "helicoid_max_abs_H_formula": 0.0,
  "hyperbolic_paraboloid_K_at_origin": -0.30250000000000005,
  "hyperbolic_paraboloid_ruling_second_difference_max": 4.440892098500626e-16
}