{
  "H": 0.19999999999999996,
  "K": -0.96,
  "model": "z = (1.2*x^2 - 0.8*y^2)/2 at the origin",
  "normal_curvature_zero_angles_rad": [
    0.8860771237926136,
    2.2555155297971794
  ],
  "principal_curvatures": [
    1.2,
    -0.8
  ]
}