{
  "K_changes_sign_at_v": [
    "pi/2",
    "3*pi/2"
  ],
  "K_inner_equator": -1.0897994768962511,
  "K_outer_equator": 0.5929791271347248,
  "R": 2.1,
  "max_abs_signed_area_identity": 1.1102230246251565e-16,
  "r": 0.62
}