{
  "Q_transpose_G_Q": [
    [
      0.9999999999999998,
      3.4829585666260375e-16
    ],
    [
      3.82387557033261e-16,
      1.0000000000000002
    ]
  ],
  "artifact": "artifacts/appendix-a0/figures/gram-schmidt-orthonormal-basis.png",
  "basis_determinant": 0.6884283908215141,
  "orthonormal_basis_columns": [
    [
      0.6143820638443888,
      -0.48851655417410217
    ],
    [
      0.21503372234553608,
      0.9495408347366753
    ]
  ],
  "orthonormality_residual": 6.050932661126125e-16,
  "raw_basis_columns": [
    [
      1.0,
      0.45
    ],
    [
      0.35,
      1.15
    ]
  ]
}