{
  "G_orthogonality_residual": 0.0,
  "artifact": "artifacts/appendix-a0/figures/inner-product-metric-rulers.png",
  "max_cauchy_schwarz_excess": -0.003942905774415584,
  "metric_matrix": [
    [
      2.0,
      0.7
    ],
    [
      0.7,
      1.3
    ]
  ],
  "min_eigenvalue": 0.8673762078750737,
  "symmetric_residual": 0.0,
  "u_G_norm": 0.9999999999999999,
  "v_G_norm": 0.9999999999999999
}