{
  "artifact": "artifacts/appendix-a0/figures/shape-operator-principal-curvature-directions.png",
  "first_fundamental_form_I": [
    [
      1.6,
      0.45
    ],
    [
      0.45,
      1.1
    ]
  ],
  "normal_curvature_max_residual": 1.1102230246251565e-16,
  "normal_curvature_min_residual": 1.1102230246251565e-16,
  "principal_curvatures": [
    0.7500902453807154,
    -0.36164722772421476
  ],
  "principal_direction_metric_gram": [
    [
      1.0000000000000002,
      3.719172082794904e-17
    ],
    [
      9.128272771331445e-17,
      1.0
    ]
  ],
  "principal_orthonormal_residual": 2.4293943083254404e-16,
  "second_fundamental_form_II": [
    [
      1.2,
      0.35
    ],
    [
      0.35,
      -0.25
    ]
  ],
  "self_adjoint_residual": 7.850462293418876e-17,
  "shape_operator_W": [
    [
      0.7463884430176565,
      0.319422150882825
    ],
    [
      0.012841091492776896,
      -0.3579454253611557
    ]
  ]
}