{
  "A_matrix_G_orthonormal_basis": [
    [
      1.1417382278003207,
      -0.1608909835527565
    ],
    [
      -0.1608909835527566,
      0.915133810114371
    ]
  ],
  "A_matrix_original_basis": [
    [
      1.2464454976303316,
      0.0663507109004739
    ],
    [
      -0.13270142180094788,
      0.8104265402843602
    ]
  ],
  "G_A_matrix": [
    [
      2.4,
      0.7
    ],
    [
      0.6999999999999998,
      1.1
    ]
  ],
  "artifact": "artifacts/appendix-a0/figures/self-adjoint-coordinate-test.png",
  "euclidean_symmetry_residual_original_basis": 0.28150222568563976,
  "orthonormal_basis_symmetry_residual": 1.5700924586837752e-16,
  "pairing_residual_sample": 0.0,
  "self_adjoint_residual": 1.5700924586837752e-16
}