{
  "E_transpose_G_E": [
    [
      0.9999999999999997,
      1.8730479649533254e-16
    ],
    [
      2.295639983105114e-16,
      1.0000000000000002
    ]
  ],
  "G_orthonormal_eigenbasis_residual": 4.980161518299226e-16,
  "artifact": "artifacts/appendix-a0/figures/spectral-theorem-eigenframe.png",
  "diagonalization_residual": 2.333674191013627e-16,
  "diagonalized_matrix": [
    [
      1.2252183838106796,
      3.603058363180463e-17
    ],
    [
      -6.211555976459811e-17,
      0.8316536541040124
    ]
  ],
  "eigen_equation_residual": 1.594436429147036e-16,
  "eigenvalues_descending": [
    1.2252183838106794,
    0.8316536541040124
  ],
  "rayleigh_max": 1.2252176039513947,
  "rayleigh_min": 0.8316544339632972
}