{
  "relative_response_error": 2.1887642449354185e-16,
  "relative_spectral_difference": 0.07690931667863866,
  "spectrum_a_min": 0.1800000000091281,
  "spectrum_b_max": 0.9825088335173109,
  "spectrum_b_min": 0.13242611313462796
}