{
  "cornsweet_far_left_mean": 0.49999414575640566,
  "cornsweet_far_right_mean": 0.5000058542435943,
  "edge_response_max": 0.24311994978532342,
  "gray_center_difference": 0.0,
  "lab_center_delta_e": 0.0,
  "rgb_center_difference": 0.0
}