{
  "P1_point_counts": {
    "3": 4,
    "5": 6,
    "7": 8,
    "11": 12,
    "13": 14
  },
  "elliptic_hasse_checks": {
    "3": true,
    "5": true,
    "7": true,
    "11": true,
    "13": true
  },
  "elliptic_trace_a": -3,
  "frobenius_root_magnitudes": [
    2.23606797749979,
    2.23606797749979
  ],
  "q": 5,
  "trace_formula_toy": {
    "H0_trace": 1,
    "H1_trace": -3.0000000000000004,
    "H2_trace": 5,
    "N1_from_traces": 9.0
  },
  "zeta_count_sequence_P1": {
    "1": 6,
    "2": 26,
    "3": 126,
    "4": 626,
    "5": 3126,
    "6": 15626
  },
  "zeta_count_sequence_elliptic": {
    "1": 9,
    "2": 27,
    "3": 108,
    "4": 675,
    "5": 3069,
    "6": 15552
  }
}
