{
  "base_triangle": [
    [
      0.15,
      2.7
    ],
    [
      -2.2,
      0.05
    ],
    [
      2.35,
      0.15
    ]
  ],
  "chapter": 1,
  "checks": {
    "congruence": {
      "isosceles_base_angle_error_degrees": 0.0,
      "isosceles_side_error": 0.0,
      "max_reflected_side_length_error": 4.440892098500626e-16
    },
    "euler_experiment": {
      "max_euler_area_error": 5.551115123125783e-17,
      "max_euler_vector_error": 4.449557262054371e-16,
      "max_nine_point_error": 1.3322676295501878e-15,
      "samples": 72
    },
    "euler_nine_point": {
      "euler_collinearity_area": 1.3877787807814457e-17,
      "euler_vector_identity_error": 2.2247786310271853e-16,
      "nine_point_max_radius_error": 4.440892098500626e-16,
      "nine_point_radius": 1.1479862160586516
    },
    "extrema": {
      "fermat_angle_max_error_degrees": 1.4210854715202004e-14,
      "fermat_distance_sum": 6.540425878525271,
      "fermat_point_error": 1.6729736071359174e-06,
      "optimizer_distance_sum": 6.5404258785261264,
      "optimizer_perimeter": 5.1492343002994,
      "orthic_parameter_error": 9.20309280513602e-08,
      "orthic_perimeter": 5.149234300299291
    },
    "incenter_circumcenter": {
      "circumcenter_max_vertex_radius_error": 4.440892098500626e-16,
      "circumradius": 2.295972432117303,
      "incenter_max_side_distance_error": 2.220446049250313e-16,
      "inradius": 1.031554914338789
    },
    "median_centroid": {
      "AG_over_GM": 2.0,
      "A_median_collinearity_area": 8.326672684688674e-17,
      "BG_over_GM": 2.0,
      "B_median_collinearity_area": 4.440892098500626e-16,
      "CG_over_GM": 2.0,
      "C_median_collinearity_area": 0.0
    },
    "morley": {
      "angle_degrees": [
        60.00000000000001,
        60.00000000000001,
        59.99999999999999
      ],
      "max_angle_error_degrees": 7.105427357601002e-15,
      "max_side_length_spread": 2.220446049250313e-16,
      "side_lengths": [
        0.6642023453093912,
        0.6642023453093914,
        0.6642023453093914
      ]
    },
    "symbolic_euler": {
      "centroid": [
        "1/2",
        "17/18"
      ],
      "circumcenter": [
        "43/84",
        "-1/84"
      ],
      "euler_collinearity_determinant": "0",
      "euler_vector_identity": [
        "0",
        "0"
      ],
      "orthocenter": [
        "10/21",
        "20/7"
      ]
    }
  },
  "source_span": {
    "pdf_pages": "21-43",
    "printed_pages": "3-25"
  }
}