{
  "expected_octant_area": 1.5707963267948966,
  "hyperboloid_distance": 0.5108256237659907,
  "poincare_disk_distance": 0.5108256237659907,
  "spherical_octant_area": 1.5707963267948966,
  "visual_artifact": "artifacts\\chapter-20\\figures\\act-iii-dashboard.png",
  "visual_metrics": {
    "file_size": 23034,
    "height": 748,
    "pixel_std": 92.00613898962267,
    "width": 840
  },
  "visual_title": "Act III Curvature Dashboard"
}