{
  "adjoint_operator": {
    "cokernel_dimension": 2,
    "domain_dimension": 5,
    "index": -1,
    "kernel_dimension": 1,
    "rank": 4,
    "rank_nullity_ok": true,
    "singular_values": [
      4.0,
      2.1,
      0.8500000000000003,
      0.23999999999999969,
      1.2596367232156088e-16
    ],
    "target_dimension": 6
  },
  "base_operator": {
    "cokernel_dimension": 1,
    "domain_dimension": 6,
    "index": 1,
    "kernel_dimension": 2,
    "rank": 4,
    "rank_nullity_ok": true,
    "singular_values": [
      4.000000000000001,
      2.1000000000000005,
      0.8500000000000001,
      0.23999999999999982,
      7.868888227104732e-17
    ],
    "target_dimension": 5
  },
  "checks": {
    "composition_additivity": true,
    "dual_relation": true,
    "rank_nullity_base": true,
    "rank_nullity_perturbed": true,
    "small_perturbation_index_stable": true,
    "stacked_estimate_positive": true
  },
  "composition_TD": {
    "cokernel_dimension": 0,
    "domain_dimension": 6,
    "index": 2,
    "kernel_dimension": 2,
    "rank": 4,
    "rank_nullity_ok": true,
    "singular_values": [
      4.000000000000001,
      2.1000000000000005,
      0.8499999999999996,
      0.23999999999999982
    ],
    "target_dimension": 4
  },
  "composition_operator_T": {
    "cokernel_dimension": 0,
    "domain_dimension": 5,
    "index": 1,
    "kernel_dimension": 1,
    "rank": 4,
    "rank_nullity_ok": true,
    "singular_values": [
      0.9999999999999999,
      0.9999999999999999,
      0.9999999999999999,
      0.9999999999999999
    ],
    "target_dimension": 4
  },
  "passed": true,
  "small_perturbation_norm": 0.05499999999999999,
  "small_perturbation_operator": {
    "cokernel_dimension": 0,
    "domain_dimension": 6,
    "index": 1,
    "kernel_dimension": 1,
    "rank": 5,
    "rank_nullity_ok": true,
    "singular_values": [
      4.005285943834929,
      2.0715670181321673,
      0.8414157892815602,
      0.26174560351619935,
      0.021778764567637023
    ],
    "target_dimension": 5
  },
  "stacked_estimate_constant": 4.166666666666668,
  "stacked_estimate_min_singular": 0.23999999999999994
}