{
  "checks": {
    "final_residual_small": true,
    "residuals_decrease": true,
    "zero_set_tangent_to_kernel": true
  },
  "final_residual": 3.592855180034604e-13,
  "iteration_y_values": [
    0.0,
    -0.2592,
    -0.272636928,
    -0.2740661789018554,
    -0.27422245408357276,
    -0.27423959086472344,
    -0.2742414706395302,
    -0.27424167684370643,
    -0.27424169946360955,
    -0.27424170194493774,
    -0.2742417022171312,
    -0.2742417022469899,
    -0.27424170225026534
  ],
  "kernel_dimension": 1,
  "linearization_at_origin": "D(xi,eta)=eta",
  "model": "f(x,y)=y+0.5*x^2+0.2*y^2",
  "passed": true,
  "residuals": [
    0.2592,
    0.013436927999999999,
    0.0014292509018554236,
    0.00015627518171733475,
    1.7136781150655506e-05,
    1.8797748067289621e-06,
    2.0620417625315246e-07,
    2.2619903139800557e-08,
    2.481328189793408e-09,
    2.7219345700990605e-10,
    2.985873874539191e-11,
    3.2754163964421323e-12,
    3.592855180034604e-13
  ],
  "right_inverse_direction": "Q(r)=(0,r)",
  "sample_kernel_coordinate": 0.72,
  "zero_branch_slope_at_origin": 0.0
}