radius,local_energy,derivative_peak,mean_value_bound,mean_value_passes,loop_length,filled_area,isoperimetric_ratio,isoperimetric_passes
0.25,0.11,3.8,5.28,True,1.5707963267948966,0.19634954084936207,1.0,True
0.35,0.18,3.6,4.408163265306123,True,2.199114857512855,0.3848451000647496,1.0000000000000002,True
0.5,0.3,3.2,3.5999999999999996,True,3.141592653589793,0.7853981633974483,1.0,True
