metric,lambda_min,lambda_max,angle_e1_e2_deg,norm_sample_v,sqrt_det_G
Euclidean,1.0,1.0,90.0,0.8746427842267951,1.0
Tilted local metric,0.6787329596448103,3.52126704035519,54.56697551324736,1.6349311912126454,1.5459624833740306
Area-dense metric,0.7753572157732052,2.5246427842267947,107.82954384806938,0.8297590011563598,1.3991068579633223
