{
  "complex_split_rank_score": 5.475354768976324e-17,
  "conic_residuals": [
    1.1102230246251565e-16,
    1.1102230246251565e-16
  ],
  "join_residual_to_original_line": 0.0,
  "line_incidence_residuals": [
    0.0,
    0.0
  ],
  "root_imaginary_parts": [
    -1.5,
    1.5
  ]
}