{
  "cubic_coefficients": [
    "(0.09659896041119061+0j)",
    "(0.24857343319835695+0j)",
    "(0.20514496078404093+0j)",
    "(0.05328414978426362+0j)"
  ],
  "intersection_count_from_selected_member": 4,
  "max_common_point_residual": 8.326672684688674e-15,
  "max_det_residual": 6.975333834345156e-17,
  "roots": [
    "(-1.0761275283255172+0j)",
    "(-0.9671139404538224+0j)",
    "(-0.5300101701643948+0j)"
  ],
  "selected_split_rank_score": 4.0295429153717176e-14
}