{
  "intersection_incidence_original": [
    0.0,
    0.0
  ],
  "intersection_incidence_recovered": [
    5.551115123125783e-17,
    5.551115123125783e-17
  ],
  "quadratic_form_difference_sample_max": 2.220446049250313e-16,
  "split_rank_one_score": 9.025839138041507e-17,
  "sympy_identity_ok": true
}