{
  "bracket_products": [
    "(0.502416298971986-0j)",
    "(0.24260284769814572-0j)"
  ],
  "max_point_residual_x": 3.3306690738754696e-16,
  "max_point_residual_y": 3.3306690738754696e-16,
  "tangent_points_on_line": [
    1.1102230246251565e-16,
    4.440892098500626e-16
  ],
  "tangent_residuals": [
    4.163336342344337e-17,
    2.7755575615628914e-17
  ]
}