{
  "artifact_count": 4,
  "covariance_min_eigenvalue": 0.7971593102212376,
  "homography_reprojection_max_error": 9.42055475210265e-16,
  "line_incidence_residual": 0.0,
  "median_epipolar_sampson_error": 7.559510043684431e-22,
  "mode": "duality",
  "rank_estimate": 9,
  "seed": 121,
  "smallest_singular_ratio": 0.0005496884633388778,
  "title": "Duality",
  "triangulation_rmse": 1.4443570596498132e-15
}
