{
  "component_reconstruction_error": 1.5700924586837752e-16,
  "critical_ratio_error": 1.1102230246251565e-16,
  "determinant_error": 0.0,
  "dual_identity_error": 2.220446049250313e-16,
  "reciprocal_identity_error": 3.272236283105725e-17,
  "table_count": 5,
  "visual_count": 6
}