{
  "cross_ratio_imag_abs": 1.1102230246251568e-16,
  "cross_ratio_real": -1.0,
  "orthogonality_residual_abs_cr_plus_one": 1.1102230246251568e-16
}