{
  "cross_ratio_error": 2.4417660937402963e-16,
  "rows": [
    {
      "imag_abs": 4.3534103427776787e-17,
      "magnitude": 1.974044520340126,
      "method": "complex cross-ratio",
      "real_part": 1.974044520340126
    },
    {
      "imag_abs": 1.451136780925893e-16,
      "magnitude": 1.9740445203401258,
      "method": "bracket expression with I",
      "real_part": 1.9740445203401258
    },
    {
      "imag_abs": 0.0,
      "magnitude": 1.9740445203401262,
      "method": "chord-length magnitude",
      "real_part": 1.9740445203401262
    }
  ]
}