{
  "distance_max_error": 2.220446049250313e-16,
  "reference_segment_length": 1.0,
  "samples": [
    {
      "absolute_error": 0.0,
      "euclidean_distance": 1.543534904043313,
      "projective_distance": 1.543534904043313,
      "segment": "PQ"
    },
    {
      "absolute_error": 0.0,
      "euclidean_distance": 1.1412712210513327,
      "projective_distance": 1.1412712210513327,
      "segment": "RS"
    },
    {
      "absolute_error": 2.220446049250313e-16,
      "euclidean_distance": 1.4422205101855958,
      "projective_distance": 1.4422205101855956,
      "segment": "TU"
    },
    {
      "absolute_error": 0.0,
      "euclidean_distance": 1.8117670931993437,
      "projective_distance": 1.8117670931993437,
      "segment": "VW"
    }
  ]
}