{
  "max_cross_ratio_abs_minus_one": 2.220446049250313e-16,
  "max_mod_pi_error": 4.440892098500626e-16,
  "sample_count": 121
}