{
  "rows": [
    {
      "angle_error_mod_pi": 4.440892098500626e-16,
      "base_distance_against_unit": 1.543534904043313,
      "cocircular_residual_after": 2.2307657010442644e-16,
      "distance_against_original_unit": 1.543534904043313,
      "distance_ratio_against_transformed_AB": 1.5435349040433126,
      "preserves_circular_pair": true,
      "transformation": "Euclidean motion"
    },
    {
      "angle_error_mod_pi": 0.0,
      "base_distance_against_unit": 1.543534904043313,
      "cocircular_residual_after": 1.3432253520789033e-16,
      "distance_against_original_unit": 2.0837721204584727,
      "distance_ratio_against_transformed_AB": 1.543534904043313,
      "preserves_circular_pair": true,
      "transformation": "scaled similarity"
    },
    {
      "angle_error_mod_pi": 0.3633135020035767,
      "base_distance_against_unit": 1.543534904043313,
      "cocircular_residual_after": 0.5541045480553578,
      "distance_against_original_unit": 1.8738479794262923,
      "distance_ratio_against_transformed_AB": 1.8738479794262923,
      "preserves_circular_pair": false,
      "transformation": "affine shear"
    }
  ]
}