{
  "artifact_count": 4,
  "covariance_min_eigenvalue": 0.8933175738568121,
  "homography_reprojection_max_error": 9.42055475210265e-16,
  "line_incidence_residual": 0.0,
  "median_epipolar_sampson_error": 7.559510043684431e-22,
  "mode": "p2",
  "rank_estimate": 9,
  "seed": 103,
  "smallest_singular_ratio": 0.10318225673678114,
  "title": "Projective Geometry and Transformations of 2D",
  "triangulation_rmse": 1.4443570596498132e-15
}
