{
  "affine": {
    "rectified_horizontal_parallel_w_over_norm": 0.0,
    "rectified_linf_matches_canonical": 0.0,
    "rectified_vertical_parallel_w_over_norm": 0.0,
    "vanishing_line_matches_direct_H_inverse_transpose": 1.7536261120299128e-19
  },
  "metric": {
    "Cinf_star_image_rank2_smallest_singular_value": 0.0,
    "Cinf_star_image_singular_values": [
      0.5926206486893565,
      0.3230588799050322,
      0.0
    ],
    "Cinf_star_null_line_matches_vanishing_line": 1.6173614979517535e-19,
    "S_eigenvalues": [
      0.6641397951124702,
      1.5057070926319853
    ],
    "affine_angles_deg_before_metric_step": [
      79.54193541516288,
      79.54193541516288,
      79.54193541516288,
      79.54193541516288
    ],
    "estimated_S": [
      [
        1.5049737425689182,
        -0.02483194773665592
      ],
      [
        -0.02483194773665592,
        0.6648731451755372
      ]
    ],
    "max_metric_angle_error_deg": 0.0,
    "metric_angles_deg_after_metric_step": [
      90.0,
      90.0,
      90.0,
      90.0
    ],
    "perspective_angle_from_dual_conic_deg": 90.0
  }
}
