{
  "rows": [
    {
      "angle_between_square_edges_deg": 90.0,
      "area_ratio_error": 2.220446049250313e-16,
      "area_ratio_small_to_large": 0.3025000000000002,
      "cross_ratio_error": 5.551115123125783e-17,
      "group": "Euclidean 3 dof",
      "parallel_intersection_w_over_norm": 0.0
    },
    {
      "angle_between_square_edges_deg": 90.0,
      "area_ratio_error": 5.551115123125783e-17,
      "area_ratio_small_to_large": 0.30249999999999994,
      "cross_ratio_error": 1.6653345369377348e-16,
      "group": "Similarity 4 dof",
      "parallel_intersection_w_over_norm": 0.0
    },
    {
      "angle_between_square_edges_deg": 66.86113404378162,
      "area_ratio_error": 0.0,
      "area_ratio_small_to_large": 0.3025,
      "cross_ratio_error": 0.0,
      "group": "Affine 6 dof",
      "parallel_intersection_w_over_norm": 0.0
    },
    {
      "angle_between_square_edges_deg": 71.57064852625514,
      "area_ratio_error": 0.18971702667371382,
      "area_ratio_small_to_large": 0.11278297332628616,
      "cross_ratio_error": 1.1102230246251565e-16,
      "group": "Projective 8 dof",
      "parallel_intersection_w_over_norm": 0.29075294324071266
    }
  ],
  "source_area_ratio_small_to_large": 0.3025,
  "source_cross_ratio": 0.2447552447552448
}
