{
  "expected_octant_area": 1.5707963267948966,
  "hyperboloid_distance": 0.5108256237659907,
  "poincare_disk_distance": 0.5108256237659907,
  "spherical_octant_area": 1.5707963267948966,
  "visual_artifact": "artifacts\\chapter-23\\figures\\intrinsic-geodesic-ladder.png",
  "visual_metrics": {
    "file_size": 54383,
    "height": 748,
    "pixel_std": 20.849819908063072,
    "width": 894
  },
  "visual_title": "Intrinsic Geodesic Ladder"
}