{
  "inverse_residual": 5.551115123125783e-17,
  "minimum_derivative": 0.4345133223538372,
  "monotone": true
}
