{
  "closed_coefficient": "0",
  "period_rows": [
    {
      "period": 6.283185307179586,
      "period_over_2pi": 1.0,
      "radius": 0.55
    },
    {
      "period": 6.283185307179586,
      "period_over_2pi": 1.0,
      "radius": 1.0
    },
    {
      "period": 6.283185307179586,
      "period_over_2pi": 1.0,
      "radius": 1.65
    }
  ]
}
