{
  "rows": [
    {
      "euler_characteristic": 2,
      "residual": 1.2759787232141662e-05,
      "surface": "sphere",
      "total_curvature": 12.56635785457194,
      "two_pi_chi": 12.566370614359172
    },
    {
      "euler_characteristic": 0,
      "residual": 2.092721098805179e-15,
      "surface": "torus",
      "total_curvature": -2.092721098805179e-15,
      "two_pi_chi": 0.0
    }
  ]
}
