{
  "area_integral": 4.523893421169302,
  "boundary_integral": 4.523893421169301,
  "d_squared_sample_coeff": "0",
  "radius": 1.2,
  "stokes_residual": 8.881784197001252e-16
}
