sample,lambda1,lambda2,lambda3,sum,diagonalization_residual,frobenius_norm_preserved,ordered_chamber
1,1.298099,-0.308163,-0.989937,0.0,4.2832337121613323e-16,True,True
2,1.586367,-0.182791,-1.403576,0.0,1.1665670169341926e-15,True,True
3,0.805726,0.114924,-0.920651,-0.0,6.917610383242368e-16,True,True
4,1.426352,0.150907,-1.577259,-0.0,5.348137811668049e-16,True,True
