{
  "absolute_area_error": 2.990011855796837e-05,
  "max_sampled_fiber_length_error": 2.220446049250313e-16,
  "original_area": 6.60255,
  "original_perimeter": 11.618754185338709,
  "perimeter_change_steiner_minus_original": -0.8760067176659074,
  "relative_area_error": 4.528571318349481e-06,
  "sample_count": 17,
  "steiner_area": 6.602520099881442,
  "steiner_perimeter": 10.742747467672801
}