{
  "final_residuals": {
    "elbow-down seed": 2.2747754479726485e-05,
    "elbow-up seed": 6.501348062212634e-05,
    "straight singular seed": 1.950864155793285e-06
  },
  "image_stats": {
    "concept-dependency-map.png": {
      "file_size": 88132,
      "height": 705,
      "pixel_std": 26.41775359689295,
      "width": 1073
    },
    "inverse-kinematics-checks.png": {
      "file_size": 31906,
      "height": 646,
      "pixel_std": 75.8054080230275,
      "width": 1359
    },
    "inverse-kinematics-lab.png": {
      "file_size": 184304,
      "height": 802,
      "pixel_std": 38.06561498376769,
      "width": 1774
    }
  },
  "metrics": {
    "branch_joint_separation": 4.216204430458451,
    "damped_peak_update_norm": 4.423567079383968,
    "straight_seed_min_manipulability": 0.0,
    "undamped_peak_update_norm": 9.61816909686558,
    "worst_final_residual": 6.501348062212634e-05
  }
}