{
  "artifact_stats": {
    "concept-dependency-map.png": {
      "file_size": 88132,
      "height": 705,
      "pixel_std": 26.41775359689295,
      "width": 1073
    },
    "inverse-kinematics-checks.png": {
      "file_size": 31906,
      "height": 646,
      "pixel_std": 75.8054080230275,
      "width": 1359
    },
    "inverse-kinematics-lab.png": {
      "file_size": 184304,
      "height": 802,
      "pixel_std": 38.06561498376769,
      "width": 1774
    }
  },
  "chapter": "chapter-06-inverse-kinematics",
  "lab_summary": {
    "damping_sweep": {
      "damping=0": {
        "final_residual": 4.813384784161895e-09,
        "final_theta": [
          -0.3876,
          1.2733,
          0.7972
        ],
        "iterations": 7,
        "max_raw_step_norm": 9.61816909686558
      },
      "damping=0.02": {
        "final_residual": 5.028341587638515e-08,
        "final_theta": [
          -0.3876,
          1.2733,
          0.7972
        ],
        "iterations": 7,
        "max_raw_step_norm": 8.960888879906513
      },
      "damping=0.08": {
        "final_residual": 1.950864155793285e-06,
        "final_theta": [
          -0.3876,
          1.2733,
          0.7972
        ],
        "iterations": 7,
        "max_raw_step_norm": 4.423567079383968
      },
      "damping=0.2": {
        "final_residual": 9.973846163585315e-05,
        "final_theta": [
          -0.3876,
          1.2732,
          0.7973
        ],
        "iterations": 6,
        "max_raw_step_norm": 1.38110720474843
      },
      "damping=0.4": {
        "final_residual": 2.8408888718277186e-05,
        "final_theta": [
          -0.3862,
          1.2697,
          0.8035
        ],
        "iterations": 10,
        "max_raw_step_norm": 0.7181628293410509
      },
      "damping=0.7": {
        "final_residual": 7.407265659964735e-05,
        "final_theta": [
          -0.3839,
          1.2637,
          0.8138
        ],
        "iterations": 17,
        "max_raw_step_norm": 0.32936393749133624
      }
    },
    "target": [
      1.35,
      0.65
    ],
    "theme": "kinematics"
  },
  "metrics": {
    "branch_joint_separation": 4.216204430458451,
    "damped_peak_update_norm": 4.423567079383968,
    "straight_seed_min_manipulability": 0.0,
    "undamped_peak_update_norm": 9.61816909686558,
    "worst_final_residual": 6.501348062212634e-05
  },
  "worked_example": {
    "branch_joint_separation": 4.216204430458451,
    "final_residuals": {
      "elbow-down seed": 2.2747754479726485e-05,
      "elbow-up seed": 6.501348062212634e-05,
      "straight singular seed": 1.950864155793285e-06
    },
    "first_two_step_residual_drop": {
      "elbow-down seed": 0.8416178550018462,
      "elbow-up seed": 0.25428919353734336,
      "straight singular seed": 0.4085611822805203
    },
    "straight_seed_initial_manipulability": 0.0,
    "straight_seed_initial_rank": 1,
    "target": [
      1.35,
      0.65
    ]
  }
}