{
  "fixed_point": [
    0.34,
    0.22
  ],
  "fixed_point_error": 0.4049691346263318,
  "max_involution_error": 3.1401849173675503e-16,
  "max_metric_density_residual": 3.552713678800501e-15,
  "sample_count": 45
}
