{
  "artifact_stats": {
    "concept-dependency-map.png": {
      "file_size": 89385,
      "height": 705,
      "pixel_std": 27.381352547299013,
      "width": 1073
    },
    "configuration-space-checks.png": {
      "file_size": 23406,
      "height": 617,
      "pixel_std": 71.53834262579218,
      "width": 1181
    },
    "configuration-space-lab.png": {
      "file_size": 77371,
      "height": 626,
      "pixel_std": 71.62143769829038,
      "width": 1383
    }
  },
  "chapter": "chapter-02-configuration-space",
  "lab_summary": {
    "max_manipulability": 0.7998754027495988,
    "min_manipulability": 2.127037566238417e-09,
    "theme": "configuration"
  },
  "metrics": {
    "max_reach": 1.7999132460375933,
    "min_reach": 0.2000000000000001,
    "singular_min": 1.2246467991473532e-16
  },
  "worked_example": {
    "endpoint": [
      2.041,
      0.2891
    ],
    "jacobian_rank": 2,
    "manipulability": 0.6634786252851155,
    "power_pairing_error": 1.1102230246251565e-16,
    "rotation_log_round_trip": 6.359601310784502e-17
  }
}