{
  "bundle_pairing_error": 1.6653345369377348e-16,
  "dual_transition_A_inverse_transpose": [
    [
      0.6211180124223603,
      -0.12422360248447206
    ],
    [
      -0.2236024844720497,
      0.84472049689441
    ]
  ],
  "flat_covector": [
    0.815,
    -1.055
  ],
  "metric_eigenvalues": [
    1.024432111361369,
    2.125567888638631
  ],
  "metric_matrix": [
    [
      2.0,
      0.35
    ],
    [
      0.35,
      1.15
    ]
  ],
  "sharp_roundtrip_error": 0.0,
  "vector_transition_A": [
    [
      1.7,
      0.45
    ],
    [
      0.25,
      1.25
    ]
  ]
}
