{
  "actual_delta_f": [
    0.13934310636935676,
    0.08849143982693197,
    0.04800173170975752,
    0.02482102085226401,
    0.012600679023596517
  ],
  "df_components_at_point": [
    0.8976026748372167,
    0.8976026748372167
  ],
  "direction": [
    0.932004671541296,
    -0.3624462611549485
  ],
  "linear_part_df_p_hv": [
    0.20449486105552747,
    0.10224743052776374,
    0.05112371526388187,
    0.025561857631940934,
    0.012780928815970467
  ],
  "loglog_residual_order": 2.1210085763923234,
  "point": [
    0.9,
    0.45
  ],
  "residuals": [
    0.06515175468617071,
    0.013755990700831763,
    0.0031219835541243454,
    0.0007408367796769254,
    0.00018024979237394982
  ],
  "step_sizes": [
    0.4,
    0.2,
    0.1,
    0.05,
    0.025
  ]
}
