{
  "angular_field": {
    "closed_residual_dQdx_minus_dPdy": "0",
    "radius2_loop_error": 8.074563671023327e-06,
    "radius2_loop_integral": 6.283193381743257,
    "two_pi": 6.283185307179586,
    "unit_loop_error": 8.074563671023327e-06,
    "unit_loop_integral": 6.283193381743257
  },
  "exact_field": {
    "curved_integral": 1.6525426681352484,
    "endpoint_difference": 1.6525429584259235,
    "max_path_error": 3.3188565518038615e-07,
    "straight_integral": 1.6525426265402683
  }
}
