absolute_intercept_error,first_parameter,inspection_role,line_pair,product,second_parameter,shared_intercept_target,y_axis_intercept
0.0,-1.2,first chord through the common point,l,-1.7999999999999998,1.5,1.7999999999999998,1.7999999999999998
0.0,-0.75,second chord through the common point,m,-1.7999999999999998,2.4,1.7999999999999998,1.7999999999999998
0.0,-0.9,"same product, same y-axis intercept",comparison-1,-1.7999999999999998,1.9999999999999998,1.7999999999999998,1.7999999999999998
0.0,-1.5,"same product, same y-axis intercept",comparison-2,-1.7999999999999998,1.2,1.7999999999999998,1.7999999999999998
