{
  "K_orthogonality_residual": 4.673304919261485e-16,
  "N_diagonal": [
    1.0,
    1.0,
    1.0
  ],
  "N_lower_triangle_norm": 0.0,
  "det_A": 1.0000000000000002,
  "det_K": 1.0000000000000002,
  "det_g": 1.0,
  "reconstruction_residual": 2.1499376424746292e-16
}
