{
  "big_cell_boundary_grid_points": 0,
  "max_formula_residual": 0.0,
  "min_expB": 0.000179769670110165,
  "min_expH": 1.0001797696701102,
  "sample_count": 12
}
