{
  "convergence": [
    {
      "mass": 0.9991418644396537,
      "sigma": 0.9,
      "test_value": 0.7493431695595106
    },
    {
      "mass": 0.9999999508958797,
      "sigma": 0.55,
      "test_value": 1.0413514382887523
    },
    {
      "mass": 1.0,
      "sigma": 0.32,
      "test_value": 1.2532636489880429
    },
    {
      "mass": 0.9999999999999998,
      "sigma": 0.18,
      "test_value": 1.350084983476873
    }
  ],
  "last_test_error": 0.04990940209253503,
  "mass_errors": [
    0.000858135560346307,
    4.9104120325438316e-08,
    0.0,
    2.220446049250313e-16
  ]
}