,theta1 direction,theta2 direction
theta1 score,0.24956596653958935,-0.10316618346797204
theta2 score,-0.10316618346797204,0.1689478463425278
