{
  "circle_area_error": 3.998516753167536e-05,
  "circle_bending_error": 0.002672823122636281,
  "circle_length_error": 1.999264102003906e-05,
  "circle_winding_error": 0.0,
  "metric_j_orthogonality_error": 1.5332934452431891e-19,
  "metric_j_square_error": 3.140184918329306e-16,
  "resampled_speed_mean_error": 5.439060264622597e-05,
  "sphere_willmore_scale_check": 0.0,
  "surface_area_density_min": 0.0008402458771097621,
  "surface_normal_unit_max_error": 2.220446049250313e-16,
  "topology": {
    "euler_two_pants_style": 1,
    "genus_torus_model": 1.0,
    "is_pairing_involution": true
  }
}