{
  "clifford_torus": {
    "E": 19.739208802178716,
    "E_offset_error": 0.0,
    "W": 19.739208802178716,
    "W_hat": 19.739208802178716,
    "W_hat_offset_error": 0.0,
    "total_K": 0.0
  },
  "offset_formula": "E-W=2*pi*(g-1), W_hat-W=4*pi*(g-1) for closed orientable genus g",
  "sphere": {
    "E": 6.283185307179586,
    "E_offset_error": 0.0,
    "W": 12.566370614359172,
    "W_hat": 0.0,
    "W_hat_offset_error": 0.0,
    "total_K": 12.566370614359172
  }
}