{
  "clifford_residual_max_abs": 2.2090676885491916e-15,
  "clifford_torus_energy_error": 1.0658141036401503e-14,
  "clifford_torus_total_K_abs": 4.748233555013513e-15,
  "elastic_cylinder_W_per_unit_width": 1.0099874791144408,
  "elastic_cylinder_residual_max_abs": 4.600092574624792e-05,
  "inversion_density_max_relative_error": 5.698755366576592e-16,
  "inversion_min_squared_distance": 1.0609,
  "proof_graph_acyclic": true,
  "round_torus_energy_min_error_from_sqrt2_grid": 0.0011273900284056726,
  "sphere_offset_max_error": 0.0,
  "sphere_willmore_exact_scale_errors": {
    "0.5": 0.0,
    "1.0": 0.0,
    "2.0": 0.0,
    "4.0": 0.0
  },
  "sphere_willmore_numeric_error": 0.00020186605038396976,
  "torus_offset_max_error": 0.0
}