{
  "rows": [
    {
      "curvature_rmse": 7.823762773488407e-07,
      "end_to_end_distance": 2.837695779689504,
      "input": "constant",
      "speed_max_error": 5.588379192955628e-06,
      "speed_mean": 0.9999944116208558,
      "total_turning_over_2pi": 1.2032113697747022
    },
    {
      "curvature_rmse": 3.6681619247327646e-06,
      "end_to_end_distance": 6.327290577679225,
      "input": "linear",
      "speed_max_error": 2.9705083151365663e-05,
      "speed_mean": 0.9999898686258818,
      "total_turning_over_2pi": 1.4180705429487879
    },
    {
      "curvature_rmse": 5.710318336750604e-06,
      "end_to_end_distance": 8.39560836921552,
      "input": "wavy",
      "speed_max_error": 5.0687154714568194e-06,
      "speed_mean": 0.9999976363659835,
      "total_turning_over_2pi": 0.6948938691717623
    }
  ]
}