{
  "circle_radius": 2.0,
  "max_error_plain_from_1_over_R": 5.323519403077626e-13,
  "max_error_reparameterized_from_1_over_R": 5.3453666893577e-05,
  "plain_parameter_curvature_mean": 0.4999999999999999,
  "reparameterized_curvature_mean": 0.5000065301863785,
  "unit_circle_deviation_model_max_error": 0.021233145884982152
}