{
  "a": 1.0,
  "b": 0.42,
  "expected_curvature": 0.8500510030601837,
  "expected_torsion": 0.35702142128527714,
  "max_abs_curvature_residual": 1.5063174505058896e-05,
  "max_abs_torsion_residual": 1.4768528928787994e-05,
  "plane_circle_max_abs_torsion": 0.0
}