{
  "ellipse_total_signed_curvature": 6.283164191895088,
  "ellipse_total_signed_curvature_over_2pi": 0.9999966393980972,
  "ellipse_turning_number": 0.9999999856129885,
  "max_abs_dphi_ds_minus_signed_curvature": 9.017651552345463e-05,
  "mean_abs_dphi_ds_minus_signed_curvature": 4.0006249890693265e-05
}