piece,triangle_vertices,triangle_area,chosen_base_length,triangle_altitude_to_base,unit_rectangle_width,unit_rectangle_height,unit_rectangle_area
1,9-0-1,4.25,1.7,5.0,1.0,4.25,4.25
2,1-2-3,0.8,1.0,1.6,1.0,0.8,0.8
3,9-1-3,1.1399999999999997,5.281098370604358,0.4317283716377888,1.0,1.1399999999999997,1.1399999999999997
4,4-5-6,0.7200000000000003,1.0198039027185575,1.412036172994925,1.0,0.7200000000000003,0.7200000000000003
5,3-4-6,0.09999999999999987,1.0,0.19999999999999973,1.0,0.09999999999999987,0.09999999999999987
6,3-6-7,2.4200000000000004,2.4083189157584592,2.0097006124605072,1.0,2.4200000000000004,2.4200000000000004
7,3-7-8,1.2099999999999997,3.111269837220809,0.7778174593052021,1.0,1.2099999999999997,1.2099999999999997
8,3-8-9,0.6950000000000002,2.0615528128088303,0.6742490376010059,1.0,0.6950000000000002,0.6950000000000002
