{
  "artifact_count": 9,
  "artifact_count_before_summary": 8,
  "artifacts": [
    "artifacts\\chapter-15\\figures\\line-triplet-backprojection-planes.png",
    "artifacts\\chapter-15\\figures\\tensor-slice-nullspaces-and-epipoles.png",
    "artifacts\\chapter-15\\figures\\fundamental-compatibility-epipoles.png",
    "artifacts\\chapter-15\\interactive\\plane-induced-homography-family.html",
    "artifacts\\chapter-15\\tables\\point-transfer-stability-near-trifocal-plane.csv",
    "artifacts\\chapter-15\\figures\\point-transfer-stability-near-trifocal-plane.png",
    "artifacts\\chapter-15\\figures\\line-choice-transfer-candidates.png",
    "artifacts\\chapter-15\\figures\\trilinear-constraint-residuals.png",
    "artifacts\\chapter-15\\checks\\trifocal-tensor-consistency.json"
  ],
  "checks": {
    "F21_median_sampson": 1.711590106514621e-33,
    "F21_tensor_vs_camera": 1.584329440755869e-16,
    "F31_median_sampson": 2.2550930396656936e-33,
    "F31_tensor_vs_camera": 1.3338681783809123e-16,
    "F32_median_sampson": 4.883260706047887e-33,
    "e2_camera_residual": 5.551115123125783e-17,
    "e3_camera_residual": 5.551115123125783e-17,
    "epipolar_line_transfer_norm": 1.7690777709386487e-17,
    "line_transfer_residual": 1.3447738708121478e-17,
    "max_epipolar_transfer_near_plane_error": 0.36467074090244317,
    "max_exact_trilinear_residual": 1.0453411825072805e-17,
    "max_fundamental_compatibility_residual": 4.440892098500626e-16,
    "max_left_null_epipole_residual": 3.0531133177191805e-16,
    "max_perturbed_trilinear_residual": 0.012020259862566555,
    "max_right_null_epipole_residual": 1.1102230246251565e-16,
    "max_slice_rank_residual": 4.304650446366389e-17,
    "max_tensor_transfer_noise_error": 0.000591719315065757,
    "max_valid_line_choice_transfer_error": 6.206335383118183e-17,
    "min_epipolar_line_angle_proxy": 3.5135752366389115e-16,
    "min_noncollinear_epipole_distance": 1.0324830004077723,
    "plane_homography_max_error": 7.850462293418876e-17,
    "projective_frame_invariance_residual": 1.306172968964969e-16,
    "symbolic_outer_difference_det_zero": true
  },
  "compatibility": {
    "e23T_F21_e13": 4.440892098500626e-16,
    "e31T_F32_e21": 8.326672684688674e-17,
    "e32T_F31_e12": 2.7755575615628914e-16
  },
  "line_choice_rows": [
    {
      "line": "perpendicular to epipolar",
      "raw_norm": 0.37592606306023396,
      "transfer_error": 6.206335383118183e-17,
      "x3_x": -0.18044481745698698,
      "x3_y": 0.25178346621905157
    },
    {
      "line": "horizontal through x'",
      "raw_norm": 0.420633894834527,
      "transfer_error": 2.7755575615628914e-17,
      "x3_x": -0.18044481745698698,
      "x3_y": 0.2517834662190516
    },
    {
      "line": "vertical through x'",
      "raw_norm": 0.731547814085332,
      "transfer_error": 0.0,
      "x3_x": -0.180444817456987,
      "x3_y": 0.2517834662190516
    },
    {
      "line": "epipolar line F21 x",
      "raw_norm": 1.7690777709386487e-17,
      "transfer_error": null,
      "x3_x": null,
      "x3_y": null
    }
  ],
  "noncollinearity": {
    "view1_epipole_distance": 1.0324830004077723,
    "view2_epipole_distance": 5.368911602120404,
    "view3_epipole_distance": 4.336428601712648
  },
  "source_span": "printed pages 365-390; PDF pages 383-408",
  "transfer_rows": [
    {
      "epipolar_line_angle_proxy": 3.5135752366389115e-16,
      "epipolar_transfer_error": 0.23705677383189677,
      "offset_from_trifocal_plane": 0.0,
      "tensor_transfer_error": 0.0003452876911417776
    },
    {
      "epipolar_line_angle_proxy": 8.803684093086988e-06,
      "epipolar_transfer_error": 0.26920328297385454,
      "offset_from_trifocal_plane": 1e-05,
      "tensor_transfer_error": 0.00033223496640330676
    },
    {
      "epipolar_line_angle_proxy": 8.80368404676155e-05,
      "epipolar_transfer_error": 0.36467074090244317,
      "offset_from_trifocal_plane": 0.0001,
      "tensor_transfer_error": 0.000591719315065757
    },
    {
      "epipolar_line_angle_proxy": 0.0008803679377420336,
      "epipolar_transfer_error": 0.26804381401879496,
      "offset_from_trifocal_plane": 0.001,
      "tensor_transfer_error": 0.00010234978804943587
    },
    {
      "epipolar_line_angle_proxy": 0.00880321247547676,
      "epipolar_transfer_error": 0.022646458641698747,
      "offset_from_trifocal_plane": 0.01,
      "tensor_transfer_error": 0.00030934188574600105
    },
    {
      "epipolar_line_angle_proxy": 0.04395957993061623,
      "epipolar_transfer_error": 0.0091679288064075,
      "offset_from_trifocal_plane": 0.05,
      "tensor_transfer_error": 0.00028824994589436687
    },
    {
      "epipolar_line_angle_proxy": 0.08756888681239255,
      "epipolar_transfer_error": 0.0019876933333177844,
      "offset_from_trifocal_plane": 0.1,
      "tensor_transfer_error": 0.00030926675596913255
    },
    {
      "epipolar_line_angle_proxy": 0.25221681559396947,
      "epipolar_transfer_error": 0.0008213188747405229,
      "offset_from_trifocal_plane": 0.3,
      "tensor_transfer_error": 0.00024671477757371
    }
  ]
}
