{
  "beer_channels_monotone": true,
  "critical_angle_glass_to_air_deg": 41.810314895778596,
  "diamond_R0": 0.17239492493416775,
  "glass_R0": 0.04000000000000001,
  "schlick_bounds_hold": true,
  "snell_residual_air_to_glass_40deg": 2.220446049250313e-16,
  "tir_detected": true,
  "tir_square_root_term_for_50deg_glass_to_air": -0.32035419987529656,
  "transmitted_direction_norm": 1.0,
  "water_R0": 0.020059312199524774
}