{
  "cosine_rmse_less_than_uniform": true,
  "final_cosine_mean": 3.7681680137549787,
  "final_cosine_rmse": 0.023774153288912536,
  "final_estimates_close": true,
  "final_uniform_mean": 3.771269126175057,
  "final_uniform_rmse": 0.051334946640550674,
  "true_irradiance": 3.7699111843077517
}