{
  "band_energy_fraction_sum": 0.996638832865338,
  "energy_400nm_eV": 3.0996049608300065,
  "energy_700nm_eV": 1.7712028347600037,
  "energy_decreases_with_wavelength": true,
  "positive_band_fractions": true
}