{
  "backface_geometry_factor": 0.0,
  "occluded_geometry_factor": 0.0,
  "occluded_parts": {
    "cos_theta_i": 0.6774569527333439,
    "cos_theta_prime": 0.802864499513786,
    "distance2": 3.5050000000000003,
    "visible": false
  },
  "positive_when_visible": true,
  "visible_geometry_factor": 0.1551800677028219,
  "visible_parts": {
    "cos_theta_i": 0.6774569527333439,
    "cos_theta_prime": 0.802864499513786,
    "distance2": 3.5050000000000003,
    "visible": true
  },
  "zero_when_backfacing": true,
  "zero_when_occluded": true
}