AX/XB,BY/YC,CZ/ZA,absolute error from 1,ceva point x,ceva point y,product,trial
0.45173745173745183,1.1623931623931625,1.9044117647058827,4.440892098500626e-16,1.1,0.85,1.0000000000000004,1
1.0740740740740748,1.0114942528735624,0.9204545454545447,7.771561172376096e-16,1.6,1.1,0.9999999999999992,2
9.232558139534891,1.041141897565071,0.10403225806451592,1.5543122344752192e-15,2.2,1.55,0.9999999999999984,3
0.35407136322049415,2.7906976744186025,1.012037037037037,4.440892098500626e-16,0.9,1.35,0.9999999999999996,4
