absolute_error,euclidean_distance,projective_distance,segment
0.0,1.543534904043313,1.543534904043313,PQ
0.0,1.1412712210513327,1.1412712210513327,RS
2.220446049250313e-16,1.4422205101855958,1.4422205101855956,TU
0.0,1.8117670931993437,1.8117670931993437,VW
