cross_ratio,label,max_gap,min_gap,p,q,r,s
1.3333333333333333,identity,1.0,1.0,0.0,1.0,2.0,3.0
1.3333333333333333,gentle perspective,1.0293103448275862,0.611179361179361,0.35,1.3793103448275863,2.159090909090909,2.77027027027027
1.3333333333333335,skew view,1.425067257477449,0.6732710280373831,-0.72,-0.04672897196261686,0.8988764044943819,2.323943661971831
1.3333333333333328,near infinity,1.278719397363465,0.5345614863800972,-0.38888888888888884,0.889830508474576,1.6780821917808217,2.212643678160919
1.3216583273766975,constant shrink,1.0,0.5184,0.0,1.0,1.72,2.2384
