angle_to_horizontal_degrees,t
45.0,1
26.56505117707799,2
14.036243467926479,4
7.125016348901798,8
3.576334374997351,16
