pair,x,y,inverse_x,inverse_y,OP_times_OP_prime
1,2.15,0.72,0.4182147094866658,0.14005329806065087,1.0
2,-1.7,1.15,-0.4035608308605342,0.27299703264094954,1.0
3,0.42,-1.85,0.11670232571063378,-0.5140459584873155,0.9999999999999999
4,0.35,0.28,1.7421602787456445,1.3937282229965158,1.0
