sample,original,swapped_slots_1_2,repeated_slots_1_2
1,1.2482382107318772,-1.2482382107318772,0.0
2,4.705829104724526,-4.705829104724526,0.0
3,-5.736587450725535,5.736587450725535,1.6469636007085177e-17
4,-1.0259755217513673,1.025975521751367,0.0
5,7.1489058246960235,-7.1489058246960235,0.0
6,-1.2745660228132205,1.2745660228132205,0.0
