{
  "catenoid_unit_normal_max_error": 2.220446049250313e-16,
  "helicoid_unit_normal_max_error": 2.220446049250313e-16,
  "helicoid_v_turns_sampled": 3,
  "same_formula_for_sampled_normals": true,
  "sampled_catenoid_max_abs_z": 0.9757431300314515,
  "sampled_helicoid_max_abs_z": 0.9757431300314515
}