{
  "area_threshold_a": 0.6392322713805473,
  "ratio_at_0_4": 0.722204476687696,
  "ratio_at_1_2": 1.1996786024610462,
  "threshold_equation_residual": -2.6423307986078726e-14
}