{
  "applied_lab": {
    "H": 0.22,
    "H_squared_minus_K": 0.21759999999999996,
    "K": -0.16919999999999996,
    "classification": "anticlastic",
    "principal_curvatures": [
      -0.24647615158762404,
      0.6864761515876241
    ],
    "trial_B": [
      [
        0.62,
        0.24
      ],
      [
        0.24,
        -0.18
      ]
    ]
  },
  "classification": {
    "cases": [
      {
        "B_at_origin": "[[0.82, 0.0], [0.0, 0.35]]",
        "G_at_origin": "[[1, 0], [0, 1]]",
        "H": 0.585,
        "K": 0.287,
        "chapter_language": "synclastic",
        "kappa_1": 0.35,
        "kappa_2": 0.82,
        "surface_model": "synclastic"
      },
      {
        "B_at_origin": "[[0.72, 0.0], [0.0, 0.0]]",
        "G_at_origin": "[[1, 0], [0, 1]]",
        "H": 0.36,
        "K": 0.0,
        "chapter_language": "parabolic/developable",
        "kappa_1": 0.0,
        "kappa_2": 0.72,
        "surface_model": "parabolic"
      },
      {
        "B_at_origin": "[[0.82, 0.0], [0.0, -0.45]]",
        "G_at_origin": "[[1, 0], [0, 1]]",
        "H": 0.18499999999999997,
        "K": -0.36899999999999994,
        "chapter_language": "anticlastic",
        "kappa_1": -0.45,
        "kappa_2": 0.82,
        "surface_model": "anticlastic"
      }
    ],
    "sign_sequence": [
      1,
      0,
      -1
    ]
  },
  "dupin": {
    "B_cylinder": [
      [
        -1.0,
        0.0
      ],
      [
        0.0,
        0.0
      ]
    ],
    "G_cylinder": [
      [
        1.0,
        0.0
      ],
      [
        0.0,
        1.0
      ]
    ],
    "b12": 0.0,
    "g12": 0.0,
    "principal_curvatures": [
      -1.0,
      0.0
    ]
  },
  "indicatrix": {
    "elliptic_det": 0.32399999999999995,
    "hyperbolic_det": -0.405,
    "parabolic_det": 0.0,
    "radius_identity_residuals": {
      "elliptic": 5.551115123125783e-16,
      "hyperbolic": 2.842170943040401e-14,
      "parabolic": 4.440892098500626e-16
    }
  },
  "liouville": {
    "angle_cos_after": 0.33035042472810594,
    "angle_cos_before": 0.33035042472810605,
    "angle_cos_residual": 1.1102230246251565e-16,
    "max_sphere_residual": 1.1102230246251565e-16,
    "plane_z": 1.15,
    "target_sphere_center": [
      0.0,
      0.0,
      0.4347826086956522
    ],
    "target_sphere_radius": 0.4347826086956522
  },
  "metric_components": {
    "G": [
      [
        1.152881,
        0.07702700000000001
      ],
      [
        0.07702700000000001,
        1.038809
      ]
    ],
    "G_inverse_residual": 1.1102230246251565e-16,
    "a_contravariant": [
      0.7299593964718053,
      0.5576078723048513
    ],
    "a_covariant": [
      0.8845071805438371,
      0.6354746586531641
    ],
    "cross_area": 1.0916455468694954,
    "dual_pairing_residual": 2.220446049250313e-16,
    "sqrt_det_G": 1.0916455468694957,
    "unit_residual": 0.0
  },
  "principal_curvatures": {
    "B": [
      [
        0.5129870236780686,
        0.20153061644495548
      ],
      [
        0.20153061644495548,
        -0.3297773723644726
      ]
    ],
    "G_orthogonality_residual": 8.326672684688674e-17,
    "H": 0.051043003073473064,
    "K": -0.1760408345209817,
    "det_residual": 2.7755575615628914e-17,
    "eigen_residuals": [
      0.0,
      5.721958498152797e-17
    ],
    "principal_curvatures": [
      -0.37162261261313595,
      0.4737086187600821
    ],
    "scan_min_max": [
      -0.3716055720605158,
      0.47370395392730585
    ],
    "shape_operator": [
      [
        0.43415002079994397,
        0.19699215383168944
      ],
      [
        0.16180967126083637,
        -0.33206401465299784
      ]
    ],
    "trace_residual": 0.0
  },
  "proof_graph": {
    "edges": 9,
    "is_dag": true,
    "nodes": 9,
    "topological_order": [
      "orthogonal surfaces",
      "sphere criterion",
      "differentiate",
      "angle map",
      "b12 zero",
      "criterion",
      "Dupin",
      "curvature lines",
      "Liouville"
    ]
  },
  "source_span": {
    "chapter": 19,
    "inspection_method": "Temporary private renders of scanned PDF pages; no source images used as artifacts.",
    "pdf_pages": "360-383",
    "printed_pages": "342-365",
    "sections": [
      "19.1 two parameters",
      "19.2 directions",
      "19.3 normal curvature",
      "19.4 principal curvatures",
      "19.5 principal directions",
      "19.6 umbilics",
      "19.7 Dupin and Liouville",
      "19.8 Dupin indicatrix"
    ]
  },
  "sphere_patch": {
    "area": "4*pi",
    "exact_patch_area": 5.016148273824378,
    "mesh_area": 5.014809903467325,
    "mesh_faces": 8550,
    "metric": [
      [
        "sin(u)**2 + sin(v)**2*cos(u)**2 + cos(u)**2*cos(v)**2",
        "0"
      ],
      [
        "0",
        "sin(u)**2*sin(v)**2 + sin(u)**2*cos(v)**2"
      ]
    ],
    "sin_u_sample": 0.867423225594017,
    "sqrt_det_at_sample": 0.8674232255940171
  },
  "umbilics": {
    "north_pole_meridian_residual": 4.2589804460924086e-09,
    "north_pole_parallel_residual": 1.4196601116900354e-09,
    "ordinary_spheroid_max_gap": 1.2669616886735589,
    "sphere_max_curvature_gap": 4.440892098500626e-16,
    "spheroid_pole_curvature": -0.44993141289437577
  }
}