{
  "adjugate_identity_residual": 5.551115123125783e-17,
  "line_chart_points_used": 46,
  "max_tangent_dual_residual": 1.1102230246251565e-16,
  "sampled_tangent_count": 48
}