{
  "inside_polar_discriminant": -1.094321894306028,
  "on_conic_value": 0.0,
  "on_point_tangent_incidence": 0.0,
  "on_polar_discriminant": 2.220446049250313e-16,
  "outside_polar_discriminant": 2.751815533315304,
  "outside_tangent_lines_pass_source": [
    true,
    true
  ],
  "outside_tangent_point_values": [
    2.220446049250313e-16,
    0.0
  ],
  "polarity_involution_max_residual": 2.482534153247273e-16
}