{
  "finite_difference_velocity": [
    -0.4000059999897942,
    1.1999979999788302
  ],
  "generator_error": 6.324552332754532e-06,
  "generator_velocity": [
    -0.4,
    1.2
  ],
  "point": [
    1.2,
    0.4
  ],
  "velocity_check": true
}
