{
  "expected_octant_area": 1.5707963267948966,
  "hyperboloid_distance": 0.5108256237659907,
  "poincare_disk_distance": 0.5108256237659907,
  "spherical_octant_area": 1.5707963267948966,
  "visual_artifact": "artifacts\\chapter-12\\figures\\gauss-map-distortion.png",
  "visual_metrics": {
    "file_size": 119890,
    "height": 748,
    "pixel_std": 68.28621794488141,
    "width": 977
  },
  "visual_title": "Gauss Map Distortion"
}