{
  "artifact_count": 4,
  "covariance_min_eigenvalue": 0.9081517084764682,
  "homography_reprojection_max_error": 9.42055475210265e-16,
  "line_incidence_residual": 0.0,
  "median_epipolar_sampson_error": 7.559510043684431e-22,
  "mode": "triangulation",
  "rank_estimate": 9,
  "seed": 113,
  "smallest_singular_ratio": 0.0545474710583024,
  "title": "Structure Computation",
  "triangulation_rmse": 1.4443570596498132e-15
}
