{
  "expected_octant_area": 1.5707963267948966,
  "hyperboloid_distance": 0.5108256237659907,
  "poincare_disk_distance": 0.5108256237659907,
  "spherical_octant_area": 1.5707963267948966,
  "visual_artifact": "artifacts\\chapter-31\\figures\\act-iv-dashboard.png",
  "visual_metrics": {
    "file_size": 23236,
    "height": 748,
    "pixel_std": 91.66792721405226,
    "width": 858
  },
  "visual_title": "Act IV Transport Dashboard"
}