stage,grid_cells_visited,coverage_radius_bound
1,4,0.3535533905932738
2,16,0.1767766952966369
3,64,0.08838834764831845
4,256,0.04419417382415922
