{
  "base_2048_rgba_mib": 16.0,
  "decoded_normal_length_max": 1.0042508651113493,
  "decoded_normal_length_mean": 1.0004265873062113,
  "decoded_normal_length_min": 0.9955765294105272,
  "mip_chain_below_four_thirds_plus_rounding": true,
  "mip_chain_ratio": 1.3333332538604736,
  "total_hero_material_mib": 49.66666221618652
}