{
  "aggregation_count_error": 0,
  "aggregation_total_count": 760,
  "fisheye_boundary_error": 0.0,
  "fisheye_focus": [
    2.169325134810177,
    1.3366230450373793
  ],
  "fisheye_radial_monotone": true,
  "high_uncertainty_filter_count": 114,
  "pca_explained_ratio_first_two": [
    0.5606051229716211,
    0.21770346365380508
  ],
  "pca_orthonormal_error": 6.661338147750939e-16,
  "selected_filter_count": 12
}