{
  "lipschitz_bound_estimate": 2.93990163920557,
  "partition_length_estimate": 2.0912751261099984,
  "relative_difference": 3.0451874215200903e-07,
  "speed_integral_estimate": 2.0912757629426633,
  "speed_nonnegative": true
}