{
  "dense_length_estimate": 1.7761609703635761,
  "endpoint_distance_lower_bound_gap": 0.7753764487575538,
  "monotone_for_uniform_refinements": true,
  "partition_counts": [
    4,
    8,
    16,
    32,
    64,
    128
  ],
  "partition_sums": [
    1.5014659503298768,
    1.5345949988284728,
    1.7283968857514944,
    1.7635286600397246,
    1.7730342210952017,
    1.7753764487575538
  ],
  "relative_error_at_128": 0.0004416951048427106
}