{
  "expected_octant_area": 1.5707963267948966,
  "hyperboloid_distance": 0.5108256237659907,
  "poincare_disk_distance": 0.5108256237659907,
  "spherical_octant_area": 1.5707963267948966,
  "visual_artifact": "artifacts\\chapter-06\\figures\\mobius-isometry-strip.png",
  "visual_metrics": {
    "file_size": 86512,
    "height": 748,
    "pixel_std": 31.219677901042,
    "width": 836
  },
  "visual_title": "Mobius Isometry Strip"
}