{
  "centroid": [
    3.01089838193338,
    1.4238388141828568
  ],
  "direct_distance": 6.16334583205726,
  "endpoint_from_accumulated_positions": [
    5.594900046564312,
    2.5853288600277247
  ],
  "endpoint_from_step_sum": [
    5.594900046564312,
    2.5853288600277247
  ],
  "endpoint_sum_residual": 0.0,
  "gram_min_eigenvalue": -8.52518303358208e-16,
  "gram_symmetry_residual": 0.0,
  "path_length": 6.9,
  "triangle_inequality_slack_path_minus_direct": 0.7366541679427403
}