{
  "check_count": 6,
  "figure_count": 8,
  "html_count": 3,
  "max_altitude_dot_residual": 4.440892098500626e-16,
  "max_vector_law_residual": 4.440892098500626e-16,
  "navigation_path_slack": 0.7366541679427403,
  "png_min_pixel_std": 27.253299940651228,
  "rotation_matrix_complex_max_error": 5.551115123125783e-17,
  "source_span": {
    "pdf_pages": "75-97",
    "printed_pages": "65-87",
    "sections": "4.1-4.8"
  },
  "table_count": 2
}