{
  "composition_residuals": [
    1.5700924586837752e-16,
    1.5700924586837752e-16,
    1.1102230246251565e-16,
    1.1102230246251565e-16
  ],
  "determinant": 1.0,
  "matrix_complex_polygon_max_error": 5.551115123125783e-17,
  "orthogonality_residual": 2.3050794836796467e-17,
  "symbolic_RtR_minus_I": "Matrix([[0, 0], [0, 0]])"
}