{
  "arc_length_monotone": true,
  "speed_min": 0.6500021370661662,
  "total_length_error_vs_2pi": 6.0072003313926814e-05
}