{
  "expected_kappa": 0.8908685968819599,
  "expected_tau_do_carmo": -0.3118040089086859,
  "frenet_B_prime_residual": 3.205056914147678e-05,
  "frenet_N_prime_residual": 9.701991201666018e-05,
  "frenet_T_prime_residual": 9.15730546924491e-05,
  "max_abs_T_cross_N_minus_B": 0.0
}