{
  "circle_once_min_speed": 0.9999999999999999,
  "circle_twice_speed_ratio": 2.0,
  "cusp_min_speed": 0.00572251336152462
}