{
  "artifact_stats": {
    "concept-dependency-map.png": {
      "file_size": 82572,
      "height": 705,
      "pixel_std": 25.644229246362887,
      "width": 1073
    },
    "formula-summary-checks.png": {
      "file_size": 25155,
      "height": 617,
      "pixel_std": 82.62592350852377,
      "width": 1331
    },
    "formula-summary-lab.png": {
      "file_size": 64484,
      "height": 641,
      "pixel_std": 27.668222166595157,
      "width": 1326
    }
  },
  "chapter": "appendix-a-summary-of-useful-formulas",
  "lab_summary": {
    "max_rotation_residual": 8.881784197001252e-15,
    "theme": "appendix"
  },
  "metrics": {
    "inertia_growth": 3.803921568627451,
    "max_cayley_norm_clipped": 8.0
  },
  "worked_example": {
    "endpoint": [
      2.041,
      0.2891
    ],
    "jacobian_rank": 2,
    "manipulability": 0.6634786252851155,
    "power_pairing_error": 1.1102230246251565e-16,
    "rotation_log_round_trip": 6.359601310784502e-17
  }
}