{
  "generic_root_count_over_complex": 3,
  "generic_roots": [
    [
      -0.9809539894998447,
      0.0
    ],
    [
      -0.034684664398495914,
      0.0
    ],
    [
      1.1756386538983405,
      0.0
    ]
  ],
  "line_substitution_degree": 3,
  "projective_cubic": "Y^2*Z - X^3 + X*Z^2",
  "tangent_base_point": [
    1.5,
    1.3693063937629153
  ],
  "tangent_factor": "-(2*x - 3)**2*(120*x - 169)/480",
  "tangent_line_slope": 2.099603137103137,
  "tangent_root_multiplicity_at_base": 2
}