{
  "detour_end_a": [
    2.0,
    1.2246467991473532e-16
  ],
  "detour_min_distance_to_critical_values": 0.9999999999999998,
  "detour_start_a": [
    0.0,
    0.0
  ],
  "full_loop_branch_swap_error": 1.0747162419079058e-16,
  "loop_end_y": [
    -1.0747162419079058e-16,
    -1.7320508075688772
  ],
  "loop_min_distance_to_critical_values": 0.38000435111270864,
  "loop_start_y": [
    0.0,
    1.7320508075688772
  ]
}