{
  "bloch_vector_norm": 1.0,
  "determinant_Y_after_local_action": [
    -0.49999999999999983,
    -6.938893903907227e-18
  ],
  "determinant_Y_before": [
    -0.4999999999999999,
    0.0
  ],
  "determinant_abs_error_after_local_action": 5.551115123125783e-17,
  "global_phase_probability": 0.8299915729424914,
  "global_phase_probability_error": 2.220446049250313e-16,
  "local_action_det_U": [
    1.0,
    0.0
  ],
  "local_action_det_V": [
    1.0,
    6.5644874503472326e-18
  ],
  "measurement_probability": 0.8299915729424912,
  "single_qubit_state": [
    [
      0.9110387329540337,
      0.0
    ],
    [
      0.16842786095772677,
      0.37635154139542665
    ]
  ],
  "two_qubit_entanglement_scores": {
    "entangled Y": 0.9999999999999998,
    "partial": 0.8630136986301371,
    "rank-one X": 0.0
  }
}