{
  "angles_radians": [
    1.290317787611122,
    1.4577882545341825,
    0.8266957947808977
  ],
  "chapter": 6,
  "concept": "elliptic plane from antipodal great circles",
  "girard_area_residual": 1.1102230246251565e-16,
  "solid_angle_area": 0.4332091833364088,
  "spherical_excess": 0.4332091833364089
}