{
  "chapter": 6,
  "concept": "circle inversion grid and point pairs",
  "inversion_radius": 1.0,
  "line_image_circle_residual": 2.220446049250313e-16,
  "max_involution_error": 2.220446049250313e-16,
  "max_product_error": 1.1102230246251565e-16,
  "vertical_line_image_circle_center": [
    0.6666666666666666,
    0.0
  ],
  "vertical_line_image_radius": 0.6666666666666666
}