{
  "cases": {
    "circle_not_through_O": {
      "center": [
        0.5904243898947971,
        0.19680812996493238
      ],
      "image_type": "circle",
      "max_residual": 2.220446049250313e-16,
      "radius": 0.17175982251485006
    },
    "circle_through_O": {
      "image_type": "line",
      "max_residual": 1.9984014443252818e-15
    },
    "line_not_through_O": {
      "center": [
        0.0,
        0.6944444444444444
      ],
      "image_type": "circle_through_O",
      "max_residual": 2.220446049250313e-16,
      "radius": 0.6944444444444444
    },
    "line_through_O": {
      "image_type": "line",
      "max_residual": 1.1204514634530185e-15
    }
  },
  "chapter": 6,
  "concept": "inversion of lines and circles",
  "max_residual": 1.9984014443252818e-15
}