{
  "A_kappa": 0.7280299131365096,
  "analytic_scaled_covariance": [
    [
      0.13904975778912376,
      0.0
    ],
    [
      0.0,
      0.33092268778932254
    ]
  ],
  "covariance_relative_frobenius_error": 0.014654005478571947,
  "empirical_scaled_covariance": [
    [
      0.13959330264754505,
      -0.003613168952187596
    ],
    [
      -0.003613168952187596,
      0.3297990037987074
    ]
  ],
  "kappa": 2.2,
  "mu": 0.7,
  "n": 70,
  "reps": 14000,
  "standardized_angle_ks_to_normal": 0.004924914108806799,
  "standardized_angle_mean": 0.005705473762063488,
  "standardized_angle_variance": 0.9995534446210472,
  "variance_ratio_by_n": {
    "10": 1.0213887990328074,
    "160": 0.9981488101605022,
    "25": 0.9869912305729732,
    "70": 1.0152337510602636
  }
}