{
  "kappas": [
    2.0,
    8.0,
    30.0
  ],
  "n": 16,
  "reps": 26000,
  "scenario_checks": {
    "2.0": {
      "angle_ks_to_normal": 0.03250198259041748,
      "angle_scaled_mean": 0.0010292010061880696,
      "angle_scaled_variance": 1.5317046413750235,
      "concentration_ks_to_chi2_n_minus_1": 0.05185435066441274,
      "direction_ks_to_chi2_1": 0.04305925085168105,
      "gamma": 1.6842105263157894,
      "max_abs_additive_residual": 9.325873406851315e-15,
      "total_ks_to_chi2_n": 0.038918766180022935
    },
    "30.0": {
      "angle_ks_to_normal": 0.002849797808053278,
      "angle_scaled_mean": 0.001617189426648189,
      "angle_scaled_variance": 1.021835531213858,
      "concentration_ks_to_chi2_n_minus_1": 0.006023921941322619,
      "direction_ks_to_chi2_1": 0.004761293038847536,
      "gamma": 29.629629629629626,
      "max_abs_additive_residual": 7.105427357601002e-15,
      "total_ks_to_chi2_n": 0.0038892589075966155
    },
    "8.0": {
      "angle_ks_to_normal": 0.006450797574356515,
      "angle_scaled_mean": 0.0004317375027426961,
      "angle_scaled_variance": 1.071730068376077,
      "concentration_ks_to_chi2_n_minus_1": 0.014395281755549272,
      "direction_ks_to_chi2_1": 0.011157455965487673,
      "gamma": 7.641791044776119,
      "max_abs_additive_residual": 6.467049118441537e-15,
      "total_ks_to_chi2_n": 0.016636311375948398
    }
  }
}