root_t,determinant
-1.502177716539543,-7.044004413626928e-16
-4.839405223486933e-16,1.0226225016410236e-16
