{
  "alpha": [
    1.0,
    -0.25
  ],
  "beta": [
    0.35,
    1.1
  ],
  "u": [
    1.2,
    0.4
  ],
  "v": [
    0.15,
    1.35
  ],
  "wedge_u_u": 0.0,
  "wedge_u_v": 1.8525000000000003,
  "wedge_v_u": -1.8525000000000003
}
