{
  "all_sampled_density_positive": true,
  "d_pq": 4.741005038465197,
  "d_pr": 2.5666508608750336,
  "d_qr": 3.328417809563696,
  "density_max": 2.723130953827951,
  "density_min": 1.0000000663748099,
  "grid_path_no_longer_than_straight_sample": true,
  "grid_shortest_path_length": 4.741005038465197,
  "straight_curve_length": 4.853874177867746,
  "triangle_slack_dpq_plus_dqr_minus_dpr": 5.502771987153859
}
