{
  "all_metric_matrices_spd": true,
  "max_unit_ellipse_residual": 7.771561172376096e-16,
  "rows": [
    {
      "angle_e1_e2_deg": 90.0,
      "lambda_max": 1.0,
      "lambda_min": 1.0,
      "metric": "Euclidean",
      "norm_sample_v": 0.8746427842267951,
      "sqrt_det_G": 1.0
    },
    {
      "angle_e1_e2_deg": 54.56697551324736,
      "lambda_max": 3.52126704035519,
      "lambda_min": 0.6787329596448103,
      "metric": "Tilted local metric",
      "norm_sample_v": 1.6349311912126454,
      "sqrt_det_G": 1.5459624833740306
    },
    {
      "angle_e1_e2_deg": 107.82954384806938,
      "lambda_max": 2.5246427842267947,
      "lambda_min": 0.7753572157732052,
      "metric": "Area-dense metric",
      "norm_sample_v": 0.8297590011563598,
      "sqrt_det_G": 1.3991068579633223
    }
  ]
}
