triangle,a,b,c,A_deg,B_deg,C_deg,angle_sum_deg,area_defect,cosine_law_residual
compact triangle,1.0839990114489577,1.162391911935168,1.1718559650303597,46.17708389230809,52.650231960002834,53.52700757470957,152.3543234270205,0.48250808013995483,2.220446049250313e-16
wide triangle,2.232371875315205,2.6274803023258024,2.8335560590436075,20.499057044469133,31.545924391283382,40.094477299177996,92.1394587349305,1.5334557276598066,1.0658141036401503e-14
near ideal triangle,3.6948016492893383,4.142315190524688,3.9866778356937917,12.194455529342635,19.303558982930667,16.433439158844596,47.9314536711179,2.3050309717616626,1.1723955140041653e-13
