{
  "f2_successive_ratio_last": 3.000457351932312,
  "free_tree_boundary_ratio_radius_8": 6.000457282219343,
  "growth_profiles": {
    "F2": [
      1,
      5,
      17,
      53,
      161,
      485,
      1457,
      4373,
      13121
    ],
    "Z": [
      1,
      3,
      5,
      7,
      9,
      11,
      13,
      15,
      17
    ],
    "Z2": [
      1,
      5,
      13,
      25,
      41,
      61,
      85,
      113,
      145
    ],
    "radii": [
      0,
      1,
      2,
      3,
      4,
      5,
      6,
      7,
      8
    ]
  },
  "square_boundary_ratio_radius_8": 0.23529411764705882,
  "z2_last_over_r_squared": 2.265625
}