{
  "chi_torus": 0,
  "counts": {
    "maximum": 1,
    "minimum": 1,
    "saddle": 2
  },
  "critical_points": [
    {
      "computed_type": "maximum",
      "declared_type": "maximum",
      "gradient_index": 1,
      "hessian_eigenvalues": [
        -2.7199999999999998,
        -0.72
      ],
      "u": 0.0,
      "v": 0.0,
      "x": 2.7199999999999998,
      "y": 0.0,
      "z": 0.0
    },
    {
      "computed_type": "saddle",
      "declared_type": "saddle",
      "gradient_index": -1,
      "hessian_eigenvalues": [
        -1.28,
        0.72
      ],
      "u": 3.141592653589793,
      "v": 0.0,
      "x": 1.28,
      "y": 0.0,
      "z": 8.817456953860943e-17
    },
    {
      "computed_type": "minimum",
      "declared_type": "minimum",
      "gradient_index": 1,
      "hessian_eigenvalues": [
        0.72,
        2.7199999999999998
      ],
      "u": 0.0,
      "v": 3.141592653589793,
      "x": -2.7199999999999998,
      "y": 3.3310392936808003e-16,
      "z": 0.0
    },
    {
      "computed_type": "saddle",
      "declared_type": "saddle",
      "gradient_index": -1,
      "hessian_eigenvalues": [
        -0.72,
        1.28
      ],
      "u": 3.141592653589793,
      "v": 3.141592653589793,
      "x": -1.28,
      "y": 1.567547902908612e-16,
      "z": 8.817456953860943e-17
    }
  ],
  "function": "F=x+3",
  "morse_sum": 0,
  "surface": "standard torus"
}