{
  "identity": "h_gamma = int_region K dA for simple loops on unit sphere",
  "max_abs_residual": 0.0,
  "samples": [
    {
      "curvature_integral": 0.30752097769647485,
      "holonomy": 0.30752097769647485,
      "residual": 0.0,
      "rho": 0.3141592653589793
    },
    {
      "curvature_integral": 3.0847837629909587,
      "holonomy": 3.0847837629909587,
      "residual": 0.0,
      "rho": 1.0367255756846319
    },
    {
      "curvature_integral": 9.310132913975268,
      "holonomy": 9.310132913975268,
      "residual": 0.0,
      "rho": 2.0734511513692637
    }
  ]
}