{
  "identity": "int_boundary_kappa_g_ds + int_region_K_dA = 2*pi for unit-sphere caps",
  "max_abs_residual": 0.0,
  "rows": [
    {
      "boundary_geodesic_curvature": 4.442882938158366,
      "boundary_plus_area": 6.283185307179586,
      "enclosed_total_curvature": 1.84030236902122,
      "residual": 0.0,
      "rho": 0.7853981633974483,
      "target": 6.283185307179586
    },
    {
      "boundary_geodesic_curvature": 2.3129947806404267,
      "boundary_plus_area": 6.283185307179586,
      "enclosed_total_curvature": 3.970190526539159,
      "residual": 0.0,
      "rho": 1.1938052083641213,
      "target": 6.283185307179586
    },
    {
      "boundary_geodesic_curvature": 0.19735961992705414,
      "boundary_plus_area": 6.283185307179586,
      "enclosed_total_curvature": 6.085825687252532,
      "residual": 0.0,
      "rho": 1.5393804002589986,
      "target": 6.283185307179586
    }
  ]
}