{
  "angle_excess": 1.5707963267948966,
  "angle_sum": 4.71238898038469,
  "area_integral_K_dA": 1.5707963267948966,
  "interior_angles": [
    1.5707963267948966,
    1.5707963267948966,
    1.5707963267948966
  ],
  "n_edges": 3,
  "plane_triangle_sum": 3.141592653589793,
  "polygon": "octant geodesic triangle",
  "residual": 0.0,
  "surface": "unit sphere"
}