{
  "actual_disk_area": 3.141592653589793,
  "gaps_strictly_decrease": true,
  "refinements": [
    {
      "N": 12,
      "gap": 1.2222222222222223,
      "lower_sum": 2.444444444444444,
      "pi_error_midpoint": 0.08603709803423776,
      "upper_sum": 3.6666666666666665
    },
    {
      "N": 24,
      "gap": 0.6388888888888888,
      "lower_sum": 2.722222222222222,
      "pi_error_midpoint": 0.09992598692312704,
      "upper_sum": 3.3611111111111107
    },
    {
      "N": 48,
      "gap": 0.3263888888888893,
      "lower_sum": 2.9444444444444438,
      "pi_error_midpoint": 0.03395376470090472,
      "upper_sum": 3.270833333333333
    }
  ],
  "smallest_gap": 0.3263888888888893
}
