{
  "endpoint_difference": 0.5,
  "green_area_integral": 4.71238898038469,
  "green_boundary_integral": 4.71238898038469,
  "green_passes_tolerance": true,
  "green_residual": 0.0,
  "line_integral_grad_f": 0.5000000257020955,
  "line_passes_tolerance": true,
  "line_residual": 2.5702095451940465e-08
}
