{
  "rows": [
    {
      "epsilon": 0.0,
      "max_det_exp_identity_residual": 9.992007221626409e-16,
      "max_drift_from_SL": 9.992007221626409e-16,
      "trace": 0.0
    },
    {
      "epsilon": 0.08,
      "max_det_exp_identity_residual": 1.5543122344752192e-15,
      "max_drift_from_SL": 0.491824697641269,
      "trace": 0.16000000000000003
    },
    {
      "epsilon": -0.08,
      "max_det_exp_identity_residual": 1.3322676295501878e-15,
      "max_drift_from_SL": 0.491824697641269,
      "trace": -0.16000000000000003
    }
  ]
}
