{
  "generator": "J = [[0,-1],[1,0]]",
  "initial_velocity_residual": 7.071696433912117e-07,
  "max_closed_form_residual": 1.16940429404794e-13,
  "max_determinant_residual": 1.6564527527407336e-13,
  "max_orthogonality_residual": 2.3394378678120466e-13
}
