{
  "irrational_coverage_fraction_24x24": 1.0,
  "irrational_occupied_bins_24x24": 576,
  "irrational_slope": 1.4142135623730951,
  "rational_slope": 0.6666666666666666,
  "rational_start_end_distance": 0.0
}
