winding,predicted_integral,expected_2pi_w
0,-2.0818995585505003e-16,0.0
1,6.283185307179586,6.283185307179586
2,12.566370614359172,12.566370614359172
-1,-6.283185307179586,-6.283185307179586
