u,curvature,radius_of_curvature,evolute_x,evolute_y
0.5807455199295782,0.6884855324214438,1.4524633458642793,0.934359888233116,-0.5051451692461708
1.288406213169016,0.25923374397138466,3.8575224995029362,0.03459373055905268,-2.7094559891806864
1.9960669064084535,0.289651033091325,3.452430289398301,-0.1122782811713312,-2.3119965509279354
2.7037275996478907,0.9256343849507038,1.0803401604978802,-1.187696529021672,-0.23316053190448555
3.4113882928873287,1.2831635562059542,0.7793238789891995,-1.431549954697413,0.057915716677030826
4.119048986126766,0.349749164218659,2.8591919647156385,-0.27948428084604937,1.7430993171281233
4.826709679366203,0.24101405446580706,4.149135627034029,0.002373268395733874,2.9991888949250676
5.5343703726056415,0.4986493132108888,2.005417381527767,0.6283873723673703,0.9650276480002039
