{
  "base_signed_area": 0.7575,
  "concept": "applied equiaffine shear lab",
  "max_area_error": 1.1102230246251565e-16,
  "max_determinant_error": 0.0,
  "parameters": [
    -1.2,
    -1.0,
    -0.8,
    -0.6,
    -0.4,
    -0.20000000000000007,
    0.0,
    0.19999999999999996,
    0.3999999999999999,
    0.5999999999999999,
    0.7999999999999998,
    0.9999999999999998,
    1.2
  ]
}