{
  "central_connector_intersection_error": 1.897149936107019e-15,
  "central_side_cross_residuals": {
    "AB": 0.0,
    "BC": -8.881784197001252e-16,
    "CA": -1.3322676295501878e-15
  },
  "concept": "parallelism and Desargues axiom",
  "max_abs_residual": 1.897149936107019e-15,
  "translation_connector_vector_errors": {
    "A": 1.1102230246251565e-16,
    "B": 0.0,
    "C": 2.220446049250313e-16
  },
  "translation_side_cross_residuals": {
    "AB": 0.0,
    "BC": -6.661338147750939e-16,
    "CA": 2.220446049250313e-16
  }
}