{
  "base_area": 4.12336255543104,
  "normal_area_abs_error": 1.9741630978842295e-06,
  "normal_area_derivative_finite_difference": 0.6941681672234523,
  "normal_area_derivative_formula": 0.6941701413865502,
  "tangential_area_abs_error": 6.068788100721534e-06,
  "tangential_area_derivative_finite_difference": 0.12539829586710738,
  "tangential_boundary_flux": 0.1254043646552081,
  "tangential_div_flux_abs_error": 1.1691580383832445e-06,
  "tangential_divergence_integral": 0.12540319549716972
}