{
  "area_density_min": 1.0000087715045074,
  "boundary_flux": -0.0008041265231128184,
  "div_J_grad_max_abs_interior": 1.9840018864722986e-13,
  "div_J_grad_rms_interior": 2.7550625691861957e-14,
  "divergence_integral": -0.0008119050433914032,
  "divergence_theorem_abs_error": 7.778520278584815e-06,
  "product_rule_max_abs_interior": 2.511804668708928e-05
}