{
  "normal_coefficient_max_abs_error": 5.551115123125783e-16,
  "normal_speed_max": 1.0,
  "reconstruction_max_abs_error": 5.551115123125783e-16,
  "tangent_dot_normal_max_abs": 1.2414114874959026e-17,
  "tangent_speed_max": 0.1029016687951232
}