{
  "fundamental_matrix_left_to_right": [
    [
      -0.018914901007597313,
      -2.525715906316765,
      0.21630706528007934
    ],
    [
      -2.558947918101302,
      0.007891724655895174,
      1.317093539992507
    ],
    [
      0.22762817506212862,
      -1.4332369442560244,
      7.049389837631853e-17
    ]
  ],
  "max_abs_residual": 2.220446049250313e-16,
  "residuals": [
    2.220446049250313e-16,
    2.220446049250313e-16,
    0.0,
    -1.6653345369377348e-16,
    1.734723475976807e-17
  ],
  "right_epipolar_lines": [
    [
      1.0937741486983104,
      1.9464181492303376,
      0.43905092988480016
    ],
    [
      0.5756295301690886,
      1.0873132672524688,
      0.2251988645694196
    ],
    [
      -0.3955697370654845,
      1.2642540556060493,
      -0.3421143306864516
    ],
    [
      -0.7618148387036703,
      1.6683539651101738,
      -0.5874766822817576
    ],
    [
      0.09165508523356046,
      0.40052506782934816,
      0.014676351736319235
    ]
  ]
}