{
  "chapter": 6,
  "concept_count": 6,
  "det_product_check": -1.1102230246251565e-16,
  "determinant": 0.8674999999999999,
  "title": "Linear Algebra"
}