{
  "artifact_count": 12,
  "compressed_gradient_norm": 0.07386843494992572,
  "core_compressive_max_stops": 15.395990936896562,
  "gradient_residual": 0.0068661057490119574,
  "halo_scores": {
    "division large blur": 0.5906256726147869,
    "division small blur": 0.5317191047358139,
    "sigmoid bilateral": 0.009786827547570764,
    "sigmoid small blur": 0.49358743282106254
  },
  "illuminance_stops": 15.76738446830818,
  "night_stats": {
    "night_contrast": 0.01022293248139397,
    "night_mean_luminance": 0.18177369067050245,
    "night_mean_saturation": 0.05641700758417187,
    "photopic_contrast": 0.013329449407608085,
    "photopic_mean_luminance": 0.2526197115796848,
    "photopic_mean_saturation": 0.0591760997073721
  },
  "operator_display_stops": {
    "bilateral base compression": 12.808191564841486,
    "clamp at white point": 15.678829163860614,
    "exposure +3 stops": 4.034895195776281,
    "exposure -1 stop": 8.034895195776281,
    "exposure -5 stops": 12.034895195776281,
    "frequency base compression": 14.617213260074893,
    "global Reinhard": 6.603404439838869,
    "gradient compression": 10.798441243120063,
    "linear normalize": 16.658313120812018,
    "local division small blur": 14.683865597839732,
    "local sigmoid Gaussian": 9.902978488256535,
    "local sigmoid bilateral": 0.9758936139139532,
    "log base/detail compression": 15.395990936896562,
    "log compression": 9.749002412262177,
    "per-channel sigmoid": 4.173766544895444,
    "s = 0.34, stronger desaturation": 6.328542713128797,
    "s = 0.58, desaturated": 6.325362911180548,
    "s = 1, ratios preserved": 6.319177636665154,
    "scotopic night operator": 10.071152189410114
  },
  "ratio_preservation_error_before_clipping": 1.2927927668640058e-08,
  "reflectance_stops": 1.7046047461264489,
  "scene_dynamic_range_log10": 5.016711011739647,
  "scene_dynamic_range_stops": 16.66515325382874,
  "sigmoid_half_response": 0.5,
  "source_gradient_norm": 0.6713122539375647,
  "source_span": "printed pages 569-594; physical PDF pages 586-611"
}