{
  "determinant_F": 1.2976,
  "join_subspace_error": 8.103755061164146e-16,
  "meet_subspace_error": 1.2905363344731211e-15,
  "principal_angle_meet_degrees": [
    0.0
  ]
}