{
  "max_line_error": 1.2246467991473532e-16,
  "max_plane_error": 1.2246467991473532e-16
}