{
  "affine_composition_formula_error": 2.482534153247273e-16,
  "composed_translation": [
    0.18217873713939875,
    0.16783336695582002
  ],
  "det_composite": 1.0000000000000004,
  "det_reflection_1": -1.0000000000000002,
  "det_reflection_2": -1.0,
  "mirror_angle_degrees": 37.0,
  "rotation_angle_degrees": 74.0,
  "two_reflections_matrix_residual": 4.996003610813204e-16
}