{
  "axis": [
    0.5114771692875645,
    0.5114771692875645,
    0.690494178538212
  ],
  "axis_fixed_residual": 0.0,
  "axis_rotation_cross_product_residual": 1.1443916996305594e-16,
  "axis_rotation_det": 1.0,
  "axis_rotation_orthogonal_residual": 2.7545768253600634e-16,
  "plane_reflection_cross_product_residual": 1.2412670766236366e-16,
  "plane_reflection_det": -1.0,
  "plane_reflection_orthogonal_residual": 6.121056695382023e-17,
  "reflection_normal_flipped_residual": 0.0
}