{
  "determinant": 1.0,
  "max_pairwise_distance_error": 4.440892098500626e-16,
  "orthogonal_residual": 1.3480784663045066e-16,
  "point_count": 4,
  "translation_vector": [
    0.92,
    0.46
  ]
}