{
  "d": 0.32,
  "determinant": -0.9999999999999998,
  "fixed_set_residual": 2.220446049250313e-16,
  "max_pairwise_distance_error": 4.440892098500626e-16,
  "mirror_equation_residual": 1.1102230246251565e-16,
  "normal": [
    0.552380364401192,
    0.8335921862781622
  ],
  "orthogonal_residual": 3.161147499261532e-16,
  "self_inverse_residual": 4.002966042486721e-16
}