{
  "orthogonal_residual": 2.379959194815893e-16,
  "reflection_signed_area_ratio": -1.0,
  "rotation_determinant": 1.0000000000000002,
  "rotation_distance_error": 2.220446049250313e-16,
  "rotation_signed_area_ratio": 1.0,
  "theta_degrees": 58.00000000000001
}