{
  "determinant": 1.0,
  "max_pairwise_distance_error": 4.440892098500626e-16,
  "translation_vector": [
    0.62,
    0.34
  ],
  "uniform_displacement_residual": 1.2412670766236366e-16
}