{
  "artifact_count": 2,
  "chapter": "Chapter 02",
  "checks": {
    "checkpoint_total": 19.0,
    "intersection_count": 8,
    "intersections": [
      [
        -0.43051617,
        0.75853659
      ],
      [
        -0.41564562,
        0.72488219
      ],
      [
        -0.37739872,
        0.72046908
      ],
      [
        -0.19834825,
        0.23310392
      ],
      [
        0.06973468,
        0.40002348
      ],
      [
        0.43402163,
        0.62684366
      ],
      [
        1.70577919,
        1.41869271
      ],
      [
        2.09395546,
        0.43531283
      ]
    ],
    "segment_count": 5
  },
  "visual_kind": "segment-sweep"
}
