{
  "delta": 0.018,
  "epsilon": 1.0,
  "exact_derivative_energy": 1.5639993727761212,
  "log_epsilon_over_delta": 4.017383521085972,
  "numeric_derivative_energy": 1.5658548799726115,
  "passed": true,
  "relative_energy_error": 0.0011863861512915767,
  "transition_support_fraction_log_scale": 0.6464419730836984
}