{
  "artifact_count": 4,
  "artifacts": [
    {
      "bytes": 39167,
      "height": 398,
      "max_channel_stddev": 36.51858132147366,
      "path": "D:/Geometry/Mathematical-Foundations-of-Geometric-Deep-Learning/artifacts/chapter-02/figures/lp-unit-balls-and-homogeneity.png",
      "pixel_std": 30.808428774119662,
      "sha256": "4ffcbee96ef145923f91aa64f78612c33f96b3d3990f73e05941af1f3f0fa8d5",
      "width": 1490
    },
    {
      "bytes": 39024,
      "height": 635,
      "max_channel_stddev": 34.79153429246522,
      "path": "D:/Geometry/Mathematical-Foundations-of-Geometric-Deep-Learning/artifacts/chapter-02/figures/metric-generalizations-axiom-grid.png",
      "pixel_std": 30.86264230757802,
      "sha256": "4b837e3d4829fa980236437f030de4b251a91028db98087622920b3f75639761",
      "width": 1359
    },
    {
      "bytes": 41228,
      "height": 611,
      "max_channel_stddev": 32.30475922786954,
      "path": "D:/Geometry/Mathematical-Foundations-of-Geometric-Deep-Learning/artifacts/chapter-02/figures/hausdorff-directed-shape-distance.png",
      "pixel_std": 30.985138852932824,
      "sha256": "0d950f580480cb4f1c151dda5647671b6f08a2003922784b00cfd095245608f2",
      "width": 805
    },
    {
      "bytes": 26013,
      "height": 672,
      "max_channel_stddev": 28.092200943997778,
      "path": "D:/Geometry/Mathematical-Foundations-of-Geometric-Deep-Learning/artifacts/chapter-02/figures/inner-product-angle-projection.png",
      "pixel_std": 25.560476210244694,
      "sha256": "bf09cf1b91be464f93252a0843a3d6c7a02762a1ae2a909c15c4ab34cc75f072",
      "width": 558
    }
  ],
  "hausdorff_directed": 0.5453097587605037,
  "projection_residual_dot": -6.661338147750939e-16
}