{
  "A_witness_index": 19,
  "B_witness_index": 30,
  "chamfer_average": 0.24926299090556292,
  "directed_A_to_B": 0.5891738800652566,
  "directed_B_to_A": 1.0538866062103336,
  "hausdorff": 1.0538866062103336
}