{
  "all_artifacts_exist": true,
  "all_artifacts_nonzero": true,
  "artifact_count_before_final_json": 11,
  "artifact_root": "artifacts/chapter-19",
  "checks": {
    "disk_isometries": {
      "euclidean_distances_after": [
        0.8475032264451687,
        0.5720124794706187,
        0.7581597021046232
      ],
      "euclidean_distances_before": [
        0.8809086218218097,
        0.7547184905645283,
        0.9608329719571451
      ],
      "hyperbolic_distances_after": [
        1.937655516813701,
        1.890649965914103,
        2.2124848432135926
      ],
      "hyperbolic_distances_before": [
        1.937655516813701,
        1.8906499659141034,
        2.2124848432135926
      ],
      "hyperbolic_law_of_cosines_residual_at_origin": -2.220446049250313e-16,
      "max_euclidean_distance_change": 0.20267326985252188,
      "max_hyperbolic_distance_residual": 4.440892098500626e-16,
      "mobius_parameter_a": [
        0.28,
        -0.18
      ],
      "mobius_rotation_angle": 0.86,
      "pair_labels": [
        "AB",
        "BC",
        "CA"
      ]
    },
    "elliptic_quotient": {
      "elliptic_diameter_sample_pi_over_2": 1.5707963267948966,
      "elliptic_distance_sign_invariance_residual": 0.0,
      "elliptic_distance_x_to_minus_x": 0.0,
      "elliptic_distance_xy": 1.0337432920253504,
      "spherical_distance_x_to_minus_x": 3.141592653589793
    },
    "klein_poincare_models": {
      "distance_model_residual": 0.0,
      "klein_distance_AB": 2.026508480368543,
      "klein_to_poincare_roundtrip_max": 1.2412670766236366e-16,
      "poincare_arc_boundary_orthogonality_residual": 3.552713678800501e-15,
      "poincare_arc_circle_equation_max_abs": 8.881784197001252e-16,
      "poincare_distance_mapped_AB": 2.026508480368543
    },
    "measure_area": {
      "area_at_largest_sample_radius": 70.91608957459148,
      "klein_density_at_0_96": 45.55393586005829,
      "klein_density_integral": "2*pi*(-1 + 1/sqrt(1 - R**2))",
      "max_klein_area_vs_hyperbolic_radius_residual": 3.268496584496461e-13,
      "max_poincare_area_vs_hyperbolic_radius_residual": 2.842170943040401e-14,
      "poincare_density_at_0_96": 650.7705122865468,
      "poincare_density_integral": "4*pi*R**2/(1 - R**2)"
    }
  }
}
