{
  "distance_after_rotation": 1.5423878814712817,
  "distance_before_rotation": 1.5423878814712815,
  "distance_near_boundary_sample": 3.1780538303479458,
  "rotation_invariance_residual": -2.220446049250313e-16
}
