{
  "distance_model_residual": 0.0,
  "klein_distance_AB": 2.026508480368543,
  "klein_to_poincare_roundtrip_max": 1.2412670766236366e-16,
  "poincare_arc_boundary_orthogonality_residual": 3.552713678800501e-15,
  "poincare_arc_circle_equation_max_abs": 8.881784197001252e-16,
  "poincare_distance_mapped_AB": 2.026508480368543
}
