{
  "euclidean_distances_after": [
    0.8475032264451687,
    0.5720124794706187,
    0.7581597021046232
  ],
  "euclidean_distances_before": [
    0.8809086218218097,
    0.7547184905645283,
    0.9608329719571451
  ],
  "hyperbolic_distances_after": [
    1.937655516813701,
    1.890649965914103,
    2.2124848432135926
  ],
  "hyperbolic_distances_before": [
    1.937655516813701,
    1.8906499659141034,
    2.2124848432135926
  ],
  "hyperbolic_law_of_cosines_residual_at_origin": -2.220446049250313e-16,
  "max_euclidean_distance_change": 0.20267326985252188,
  "max_hyperbolic_distance_residual": 4.440892098500626e-16,
  "mobius_parameter_a": [
    0.28,
    -0.18
  ],
  "mobius_rotation_angle": 0.86,
  "pair_labels": [
    "AB",
    "BC",
    "CA"
  ]
}
