{
  "grassmann": {
    "basis_invariance_error": 4.440892098500626e-16,
    "complement_projection_error": 5.486554932812803e-16,
    "fisher_rebase_score_range": 11.955176605284699,
    "grassmann_bingham_like": 48.55705766832046,
    "projection_idempotence_error": 5.630346959523356e-16,
    "projection_symmetry_error": 0.0,
    "projection_trace": 2.000000000000001
  },
  "hyperboloid": {
    "log_density_max_at_near_mode_index": 14,
    "max_minkowski_constraint_error": 3.3306690738754696e-16,
    "mean_on_hyperboloid_error": 4.440892098500626e-16,
    "mean_resultant_length": 1.05706333754916,
    "mode_minkowski_constraint_error": 4.440892098500626e-16
  },
  "model_routing": {
    "bingham_rebase_score_drift": 4.440892098500626e-16,
    "fisher_rebase_score_range": 11.955176605284699
  },
  "so3": {
    "determinant": 1.0,
    "orthogonality_error": 2.333832002282171e-16,
    "polar_mean_determinant": 0.9999999999999992,
    "rayleigh_like_statistic": 200.9958286266035
  },
  "source_span": {
    "pdf": "298-316",
    "printed": "283-302"
  },
  "stiefel": {
    "frame_xtx_error": 5.02861556435439e-16,
    "polar_concentration_eigenvalues": [
      1.3974643491493464,
      4.600058629910513
    ],
    "polar_frame_xtx_error": 4.527286508705513e-16,
    "polar_reconstruction_error": 1.3083449600817727e-15
  },
  "symbolic": {
    "skew_cubic_identity": true
  }
}