{
  "max_normal_length_error": 1.1102230246251565e-16,
  "max_reconstruction_residual": 3.31079222103121e-16,
  "max_self_adjoint_residual": 3.0513450154387003e-16,
  "min_gauss_image_z": 0.40160966445124946,
  "min_metric_det": 1.0
}