{
  "identity_residual_grid": 1.7763568394002505e-15,
  "theta0_decomposition_residual": 0.0,
  "theta0_degrees": 35.0,
  "theta0_geodesic_curvature": 0.7002075382097097
}