{
  "endpoint_angle_from_path_tangent_degrees": 153.51248290878607,
  "endpoint_dot_with_path_tangent": -0.8950315525236269,
  "max_covariant_derivative_residual": 1.7554167342883506e-16,
  "max_norm_error": 4.0859093886069786e-11,
  "max_tangent_error": 1.214306433183765e-16,
  "theta_degrees": 35.0
}