{
  "inversion_radius": 1.7,
  "moved_spherical_angle_sum": 3.2777710557535698,
  "moved_spherical_excess": 0.13617840216377664,
  "pencil_base_residual": 1.1102230246251565e-16,
  "pencil_lambda": 0.37,
  "radius_product_max_error": 0.0,
  "radius_products": [
    2.8899999999999997,
    2.8899999999999997,
    2.8899999999999997
  ]
}