{
  "circle_pencil": {
    "base_points": [
      [
        0.5,
        0.8660254037844386
      ],
      [
        0.5,
        -0.8660254037844386
      ]
    ],
    "max_base_point_residual": 2.220446049250313e-16,
    "orthogonal_pencil_max_residual": 0.0,
    "pencil_lambdas": [
      -0.8,
      -0.5111111111111111,
      -0.2222222222222222,
      0.06666666666666665,
      0.3555555555555556,
      0.6444444444444446,
      0.9333333333333333,
      1.2222222222222225,
      1.5111111111111113,
      1.8
    ],
    "radical_axis": "x = 1/2"
  },
  "inversion": {
    "conformal_jacobian_residual": 5.968077571347392e-17,
    "inverse_circle_center": [
      0.6811989100817438,
      0.21140655830123084
    ],
    "inverse_circle_radius": 0.19731278774781544,
    "inverse_circle_residual": 2.498001805406602e-16,
    "inverse_line_equation": "dot(center_of_original_circle, y) = 1/2",
    "inverse_line_residual": 1.2744250099672172e-12,
    "radius_product_error": 2.220446049250313e-16,
    "radius_products": [
      1.0,
      1.0,
      1.0000000000000002
    ]
  }
}