{
  "angle_sum_radians": 3.538576676049606,
  "angles_radians": [
    2.517193335646515,
    0.40042672997608164,
    0.6209566104270093
  ],
  "excess_positive": true,
  "side_lengths_radians": [
    1.8492068784363562,
    0.6959476018494376,
    1.276112493227817
  ],
  "spherical_excess_area": 0.3969840224598129,
  "vertex_norm_errors": [
    0.0,
    0.0,
    0.0
  ]
}