{
  "circumradius": 1.7320508075688772,
  "edge_length_std": 0.0,
  "edge_lengths": [
    2.8284271247461903,
    2.8284271247461903,
    2.8284271247461903,
    2.8284271247461903,
    2.8284271247461903,
    2.8284271247461903
  ],
  "face_insphere_distances": [
    0.5773502691896258,
    0.5773502691896258,
    0.5773502691896258,
    0.5773502691896258
  ],
  "face_insphere_residual": 0.0,
  "inradius": 0.5773502691896258,
  "mesh_area": 13.856406460551018,
  "mesh_area_error": 0.0,
  "mesh_euler_number": 2,
  "mesh_volume_abs": 2.6666666666666665,
  "mesh_volume_error": 0.0,
  "radius_ratio_circum_to_in": 2.9999999999999996,
  "vertex_circumsphere_residual": 0.0
}