{
  "centers": {
    "area": 9.625,
    "circumradius": 2.7906146353462957,
    "euler_line_residual": 0.0,
    "euler_ratio_error": 0.0,
    "exact_symbolic": {
      "circumcenter_exact": [
        "87/38",
        "59/38"
      ],
      "euler_identity_residual": [
        "0",
        "0"
      ],
      "median_ceva_product": "1"
    },
    "inradius": 1.343061539781998,
    "side_lengths": [
      5.153882032022076,
      4.123105625617661,
      5.055937104039171
    ]
  },
  "fermat": {
    "centroid_value_minus_minimum": 0.03943671738637278,
    "fermat_point": [
      1.6367081888433286,
      1.6436104332209747
    ],
    "finite_difference_gradient_norm": 6.847989993314843e-07,
    "incenter_value_minus_minimum": 0.00730813202654268,
    "minimum_value": 8.240417346573391
  }
}