{
  "expected_octant_area": 1.5707963267948966,
  "hyperboloid_distance": 0.5108256237659907,
  "poincare_disk_distance": 0.5108256237659907,
  "spherical_octant_area": 1.5707963267948966,
  "visual_artifact": "artifacts\\chapter-01\\figures\\three-geometries-triangle.png",
  "visual_metrics": {
    "file_size": 50264,
    "height": 598,
    "pixel_std": 24.065205891537705,
    "width": 970
  },
  "visual_title": "Three Geometries Triangle"
}