{
  "artifact": "artifacts/chapter-05/figures/metric-tensor-length-field.png",
  "euclidean_length": 3.545278582787571,
  "length_ratio": 1.137846440848229,
  "minimum_metric_determinant_on_grid": 1.4889941704088236,
  "minimum_metric_eigenvalue_on_grid": 1.0700167651018606,
  "positive_definite_on_grid": true,
  "riemannian_length": 4.033982617240291
}