sample,g.i,AN.i,KAN_reconstruction_residual,AN_height_positive
1,1.500000+0.500000i,3.000000+5.000000i,3.1401849173675503e-16,True
2,0.480000+1.440000i,-0.146667+1.690000i,2.482534153247273e-16,True
3,0.860809+1.263574i,0.628750+0.730000i,3.1401849173675503e-16,True
