{
  "camera_count": 3,
  "mean_depth": 3.1487521655142356,
  "point_count": 18,
  "rms_ray_residual": 0.012770459463164475,
  "rms_reconstruction_error": 0.01582016126618658,
  "translation_update_errors": [
    0.005641,
    0.002163,
    0.004091
  ]
}