{
  "determinants": [
    0.9999999999999999,
    1.0000000000000002,
    1.0,
    1.0,
    1.0000000000000002,
    1.0,
    1.0,
    0.9999999999999999,
    1.0
  ],
  "endpoint_finish_error": 5.324442579404919e-16,
  "endpoint_start_error": 0.0,
  "relative_log_norm_degrees": 126.2721582172959,
  "samples": 9
}