{
  "band_area_cylinder": 2.049073134957571,
  "band_area_residual": 0.0,
  "band_area_sphere": 2.049073134957571,
  "cylinder_metric": [
    [
      0.6811788772383368,
      0.0
    ],
    [
      0.0,
      1.0
    ]
  ],
  "determinant_residual": 0.0,
  "metric_difference_norm_nonzero": 0.45088115578056154,
  "sphere_metric": [
    [
      1.0,
      0.0
    ],
    [
      0.0,
      0.6811788772383368
    ]
  ],
  "theta_sample": 0.6
}