{
  "cylinder_polyline_length": 6.815577718472377,
  "plane_cylinder_polyline_residual": 5.4524738009931184e-05,
  "plane_metric_length": 6.81553494582209,
  "plane_polyline_length": 6.815632243210387,
  "sphere_latitude_length": 1.804333749938148
}