{
  "area_excess": 0.8235018786211952,
  "cosine_rule_residual": 1.6653345369377348e-16,
  "excess_residual": 1.1102230246251565e-16,
  "sine_rule_residual": 2.220446049250313e-16,
  "solid_angle_area": 0.8235018786211951,
  "stereographic_distance_direct": 1.6064025554365953,
  "stereographic_distance_formula": 1.6064025554365953,
  "stereographic_distance_residual": 0.0,
  "triangle_angles": {
    "alpha": 1.1019773407951803,
    "beta": 1.2218676644797486,
    "gamma": 1.6412495269360594
  },
  "triangle_sides": {
    "A": 1.096932250403724,
    "B": 1.2148763619815426,
    "C": 1.4703310965814382
  }
}