glued_vertex,incident_angles_pi_units,angle_sum,curvature
A,1.0,3.141592653589793,3.141592653589793
B,1.5,4.71238898038469,1.5707963267948966
C,1.5,4.71238898038469,1.5707963267948966
D,0.0,0.0,6.283185307179586
