band,lambda_max_nm,lambda_min_nm,mean_photon_energy_eV,synthetic_energy_fraction
blue,500.0,400.0,2.697948547565475,0.2831436196650005
green,600.0,500.0,2.266042854075116,0.49307765113774416
red,700.0,600.0,1.9459574226618779,0.22041756206259336
