{
  "expected_octant_area": 1.5707963267948966,
  "hyperboloid_distance": 0.5108256237659907,
  "poincare_disk_distance": 0.5108256237659907,
  "spherical_octant_area": 1.5707963267948966,
  "visual_artifact": "artifacts\\chapter-08\\figures\\osculating-circle-sweep.png",
  "visual_metrics": {
    "file_size": 63036,
    "height": 748,
    "pixel_std": 21.22888895593783,
    "width": 998
  },
  "visual_title": "Osculating Circle Sweep"
}