{
  "artifact_stats": {
    "concept-dependency-map.png": {
      "file_size": 89640,
      "height": 705,
      "pixel_std": 27.328101273526013,
      "width": 1073
    },
    "open-chain-dynamics-checks.png": {
      "file_size": 22552,
      "height": 617,
      "pixel_std": 24.621565466244384,
      "width": 1196
    },
    "open-chain-dynamics-lab.png": {
      "file_size": 82710,
      "height": 617,
      "pixel_std": 30.18234984270484,
      "width": 1386
    }
  },
  "chapter": "chapter-08-dynamics-of-open-chains",
  "lab_summary": {
    "minimum_mass_eigenvalue": 0.04404787675455067,
    "theme": "dynamics"
  },
  "metrics": {
    "final_error": 2.6400893109457257e-06,
    "min_mass_eig": 0.043974718622934394
  },
  "worked_example": {
    "endpoint": [
      2.041,
      0.2891
    ],
    "jacobian_rank": 2,
    "manipulability": 0.6634786252851155,
    "power_pairing_error": 1.1102230246251565e-16,
    "rotation_log_round_trip": 6.359601310784502e-17
  }
}