{
  "camera_matrix_ranks": [
    3,
    3,
    3
  ],
  "fundamental_singular_values": [
    0.9999999633225685,
    0.00027084102684046655,
    3.6993034689444894e-20
  ],
  "fundamental_smallest_singular_value": 3.6993034689444894e-20,
  "iac_angle_cosine_residual": 1.1102230246251565e-16,
  "max_epipolar_sampson_error": 2.6372077215407533e-22,
  "noise_lab_high_noise_rmse": 0.0955877239822368,
  "noise_lab_max_estimated_F_smallest_singular_value": 1.4399381433101382e-18,
  "noise_lab_row_count": 5,
  "noise_lab_zero_noise_rmse": 2.2874423430909664e-15,
  "off_plane_homography_median_error": 27.704673239050187,
  "opencv_homogeneous_point_agreement": 5.684341886080802e-14,
  "plane_homography_max_error": 1.2710574864626038e-13,
  "projection_reaches_applications": true,
  "projective_ambiguity_reprojection_max": 1.7288250917028504e-13,
  "projective_distance_ratio_cv": 0.09381872343551695,
  "route_graph_edge_count": 14,
  "route_graph_is_dag": true,
  "route_graph_node_count": 11,
  "same_center_homography_max_error": 1.797546735911271e-13,
  "third_view_transfer_rmse": 8.346987189945828e-14,
  "triangulation_rmse": 2.2874423430909664e-15,
  "vanishing_family_max_incidence": 4.0205214473426037e-16,
  "vanishing_points_on_horizon_residual": 0.0,
  "warped_line_midpoint_incidence": 0.0
}
