{
  "first_sampled_failure_epsilon": 1.0082278481012659,
  "last_positive_sample_epsilon": 0.9911392405063292,
  "threshold_expected_near": 1.0
}
