{
  "determinant": "r",
  "max_midpoint_relative_cell_error": 0.00462320383951934,
  "sector_area_formula": 0.9375,
  "sector_area_from_cells": 0.9331657464004594
}
