{
  "chain_rule_matrix_residual": "Matrix([[0, 0], [0, 0]])",
  "determinant_residual": "0",
  "max_numeric_det_residual": 4.263256414560601e-14,
  "sample_rows": [
    {
      "det_DF": -0.7551651237807455,
      "det_DG_at_F_times_det_DF": 1.7709632238559134,
      "det_D_composite": 1.7709632238559134,
      "det_residual": 0.0,
      "u": -1.0,
      "v": -0.5
    },
    {
      "det_DF": 0.5394695029985574,
      "det_DG_at_F_times_det_DF": 0.1508889401533443,
      "det_D_composite": 0.15088894015334425,
      "det_residual": -5.551115123125783e-17,
      "u": -0.25,
      "v": 0.4
    },
    {
      "det_DF": 1.8702539555789301,
      "det_DG_at_F_times_det_DF": -10.411245232925836,
      "det_D_composite": -10.411245232925838,
      "det_residual": -1.7763568394002505e-15,
      "u": 0.7,
      "v": -0.9
    },
    {
      "det_DF": 2.1886650729099077,
      "det_DG_at_F_times_det_DF": 15.93248977767667,
      "det_D_composite": 15.932489777676667,
      "det_residual": -3.552713678800501e-15,
      "u": 1.1,
      "v": 1.0
    }
  ]
}
