{
  "actual_integral_x2_plus_y2_unit_square": 0.6666666666666666,
  "disk_area_estimate": 3.141607100214082,
  "gap_decreases": true,
  "gap_first": 0.5,
  "gap_last": 0.03125,
  "pi_error": 1.4446624288844134e-05,
  "smallest_boundary_tube_area": 0.43955649646562794
}
