{
  "base_point": [
    0.6,
    -0.35
  ],
  "gradient_at_base": [
    0.9902977555872641,
    0.13361466612338066
  ],
  "largest_radius_scaled_remainder": 0.15659842750844852,
  "remainder_quotient_decreases": true,
  "smallest_radius_scaled_remainder": 0.006212405938565979
}
