{
  "bad_derivative_stays_large": true,
  "bad_final_derivative_deviation": 1.0,
  "bad_final_function_sup_error": 0.00833297846684235,
  "good_final_derivative_sup_error": 0.008333333333333333,
  "good_final_function_sup_error": 0.007012258206732471,
  "good_final_integral_error": 0.003830855746241646
}
