{
  "integral_of_norm": 5.365379674019101,
  "integral_vector": [
    2.199114857512855,
    -0.9424777960769364
  ],
  "lipschitz_samples_below_bound": true,
  "max_sampled_lipschitz_ratio": 1.57912153402878,
  "norm_of_integral": 2.392565684078877,
  "sampled_derivative_frobenius_bound": 2.2006685278832414,
  "vector_integral_estimate_holds": true
}
