{
  "bracket_at_base": [
    -0.2,
    -0.4
  ],
  "commutator_estimate": [
    -0.20000000000575113,
    -0.3999999999559911
  ],
  "estimate_error_norm": 4.43830976013224e-11,
  "symbolic_bracket": [
    "-y/2",
    "-x/2"
  ]
}
