{
  "area_strictly_increases_with_pitch": true,
  "areas": [
    13.461672836344516,
    16.393959290734564,
    21.574375893014548,
    27.497763216652174
  ],
  "density_min_equals_pitch": true,
  "half_width": 1.4,
  "pitch_values": [
    0.25,
    0.55,
    0.95,
    1.35
  ]
}