{
  "artifact_count": 4,
  "artifact_sizes": {
    "area_refinement": 45174,
    "interactive": 268780,
    "metric_ellipse": 58084,
    "surface_patch": 221355
  },
  "checks": {
    "area_density_mean": 1.1958859871621559,
    "area_refinement_last_step": 0.0019330088033466808,
    "metric_eigenvalues": [
      1.0,
      1.0458579073866368
    ],
    "metric_positive_min": 1.0002092844095507
  },
  "unit": "chapter-02"
}