{
  "density_centerline_value": 0.65,
  "density_max": 1.9137659209004638,
  "density_min": 0.6507155807424401
}