{
  "ellipsoid_sample_count": 3200,
  "gradient_norm_max": 2.7777777777777777,
  "gradient_norm_min": 1.3827229682099889,
  "mesh_face_count": 6240
}