{
  "cone_cross_norm_at_apex": 0.0,
  "cone_cross_norm_min_away_from_apex_r_ge_0_2": 0.31280486421981163,
  "graph_cross_norm_max": 1.4964290828502365,
  "graph_cross_norm_min": 1.0000852663536084
}