{
  "norm_difference_after_rotation": 0.0,
  "p_dot_w": -2.7755575615628914e-17,
  "rotated_p_dot_rotated_w": -2.7755575615628914e-17,
  "rotation_orthogonality_residual": 3.7182446244979046e-17
}