{
  "distance_monotone": true,
  "link_lengths": [
    1.4,
    0.9
  ],
  "max_distance": 2.2993152581138836,
  "min_distance": 0.5275385138557878
}
