{
  "final_perimeter": 2.386565500515963,
  "initial_perimeter": 8.376364856226877,
  "iterations": 6,
  "perimeter_monotone_decreasing": true
}
