label,cross_ratio,u1,u2,u3,u4
original,1.5230978260869568,-2.2,-0.45,0.75,2.4
after_mobius,1.5230978260869563,-5.032467532467532,-0.9115884115884114,0.4644268774703557,1.6277641277641275
