{
  "versor": "-0.29 + 1.38 e1e2 - 0.68 e1e3 - 0.29 e2e3",
  "versor_denominator": 2.535,
  "versor_scalar_residual": 6.938893903907228e-17,
  "versor_identity_error": 1.3877787807814457e-17,
  "generic_reverse_trial_identity_error": 0.7070545927586168,
  "generic_matrix_condition_number": 2.4139616060963727,
  "generic_matrix_identity_error": 4.819909745438293e-17
}