index,contravariant_u^alpha,covariant_u_alpha,recovered_contravariant
1,0.85,1.6010000000000002,0.8500000000000001
2,-0.35,0.5267499999999999,-0.35
3,0.55,1.100625,0.5499999999999999
