row,column,g_alpha_beta,g_contravariant
1,1,1.8550000000000002,0.6510031986062029
1,2,0.6575,-0.29077493592804365
1,3,0.4625,-0.03551656873906552
2,1,0.6575,-0.29077493592804365
2,2,1.3725000000000003,1.1253884947287922
2,3,0.8150000000000001,-0.433633360297643
3,1,0.4625,-0.035516568739065515
3,2,0.8150000000000001,-0.433633360297643
3,3,1.805,0.7589127987171174
