{
  "centroid_median_ratio_residuals": {
    "AG_over_GD_minus_2": -2.220446049250313e-16,
    "BG_over_GE_minus_2": 0.0,
    "CG_over_GF_minus_2": 4.440892098500626e-16
  },
  "euler_line": {
    "GH_minus_2OG": -2.220446049250313e-16,
    "orientation_O_G_H": 2.7755575615628914e-17
  },
  "nine_point_circle": {
    "distance_minus_radius": {
      "altitude_foot_K": 0.0,
      "altitude_foot_L": 0.0,
      "altitude_foot_M": 0.0,
      "side_mid_D": 2.220446049250313e-16,
      "side_mid_E": 0.0,
      "side_mid_F": -2.220446049250313e-16,
      "vertex_orthocenter_mid_P": 0.0,
      "vertex_orthocenter_mid_Q": 0.0,
      "vertex_orthocenter_mid_R": 0.0
    },
    "max_distance_minus_min_distance": 4.440892098500626e-16,
    "radius": 1.1419898011880227
  }
}