name,a,b,c,d,expected,observed,kind,s,t,point
proper,"(0, 0)","(3, 2)","(0.2, 2.1)","(3.2, -0.2)",1,1,proper,0.524031007751938,0.45736434108527135,"[1.572093023255814, 1.048062015503876]"
endpoint,"(0, 0)","(2, 0)","(2, 0)","(2.8, 1.0)",v,v,endpoint-touch,1.0,0.0,"[2.0, 0.0]"
overlap,"(0, 0)","(3, 0)","(1.1, 0)","(4.0, 0)",e,e,collinear-overlap,,,"[3.0, 0.0]"
miss,"(0, 0)","(1.4, 0.2)","(2.0, 1.6)","(3.4, 1.4)",0,0,disjoint,4.714285714285712,3.285714285714284,"[6.599999999999996, 0.9428571428571424]"
