{
  "applied_lab_rows": 3,
  "concentration_homogeneity": {
    "equal_concentration_p": 0.05128205128205128,
    "equal_kappa_hats": [
      5.987035663531151,
      3.2656697243209787,
      5.377436109946517,
      3.4965107193839597
    ],
    "heterogeneous_concentration_p": 0.002849002849002849,
    "heterogeneous_kappa_hats": [
      0.8022747064060939,
      1.11635844102728,
      6.329509072202858,
      8.810757035265675
    ]
  },
  "coverage_simulation": {
    "coverage_rate": 0.949,
    "mean_half_width_degrees": 14.807339585545497,
    "replicates": 1000,
    "sd_half_width_degrees": 0.6265524335924233,
    "target": 0.95
  },
  "mean_direction": {
    "conditional_p_value": 0.0077083086579934346,
    "estimated_half_width_degrees": 15.080874994264923,
    "known_kappa_half_width_degrees": 14.901815665549673,
    "lr_style_p_value": 0.007571748049229514,
    "score_style_p_value": 0.008595170165845831
  },
  "multi_sample": {
    "F_WW": 10.648321889504901,
    "between": 7.446541323373211,
    "correction_factor": 1.143591657287569,
    "identity_residual": 0.0,
    "p_WW": 4.481211229817865e-06,
    "within": 21.44568909102192
  },
  "source_span": {
    "pdf": "136-160",
    "printed": "119-144"
  },
  "two_sample": {
    "F_WW": 9.573475768222039,
    "between_gap": 1.619678076731887,
    "cosine_rule_residual": 2.2737367544323206e-13,
    "p_WW": 0.0032881609015521372
  },
  "von_misesness": {
    "two_lobed_p": 4.619311648785604e-15,
    "two_lobed_statistic": 66.01706138937412,
    "von_mises_p": 0.6766300747301255,
    "von_mises_statistic": 0.7812611476602468
  }
}