absolute_error,distorted_chart_coordinate,recovered_anchor_coordinate,source_coordinate
2.220446049250313e-16,-3.6909090909090905,-1.4000000000000001,-1.4
1.1102230246251565e-16,-1.3245901639344264,-0.5500000000000002,-0.55
0.0,-0.38888888888888884,-0.0,0.0
5.551115123125783e-17,0.13000000000000003,0.4000000000000001,0.4
0.0,0.7391304347826088,1.0,1.0
2.220446049250313e-16,1.3724770642201836,1.8500000000000003,1.85
0.0,1.7870967741935484,2.6,2.6
