abs_det,affine_3_volume_det,vertices
0.9563709892354102,-0.9563709892354102,1-2-3-4
3.6221499489663724,-3.6221499489663724,1-2-3-5
5.94109250888664,-5.94109250888664,1-2-4-5
4.158764756220649,-4.158764756220649,1-3-4-5
0.8834512070649692,-0.8834512070649692,2-3-4-5
