{
  "U": [
    5.191999999999999,
    -1.0,
    0.0
  ],
  "V": [
    2.864827586206897,
    -2.124275862068966,
    0.0
  ],
  "W": [
    -6.253333333333342,
    -6.529333333333344,
    0.0
  ],
  "line_residual_3d": 2.7492284265535927e-15
}