{
  "dilation_sequence": {
    "g_i_last_value": 34,
    "g_i_p_i_value": 1.0,
    "group_sequence_unbounded": true,
    "p_i_limit": 0.0
  },
  "fibonacci_return_errors": [
    0.1458980337503153,
    0.09016994374947451,
    0.05572809000084078,
    0.03444185374863373,
    0.021286236252207047,
    0.013155617496426686,
    0.008130618755778585,
    0.0050249987406445484,
    0.0031056200151340363,
    0.0019193787255176176,
    0.0011862412896164187,
    0.0007331374358727771,
    0.0004531038537152199
  ],
  "irrational_alpha": 0.6180339887498949,
  "return_errors_decrease": true,
  "translation_GK_compact_in_R": true,
  "translation_GK_interval": [
    -2,
    2
  ]
}
