{
  "base_cross_ratio": 1.3333333333333333,
  "base_points": [
    0.0,
    1.0,
    2.0,
    3.0
  ],
  "constant_shrink_cross_ratio": 1.3216583273766975,
  "constant_shrink_error_from_equal_spacing": 0.011675005956635731,
  "mobius_max_cross_ratio_error": 4.440892098500626e-16
}