{
  "all_incident": true,
  "finite_meet_affine": [
    0.1627752534078994,
    0.44524641733659553
  ],
  "max_incidence_residual": 3.552713678800501e-15,
  "parallel_meet_homogeneous": [
    1.0,
    -0.0,
    -0.0
  ]
}