{
  "corner_reprojection_errors": [
    0.0,
    0.0,
    0.0,
    0.0
  ],
  "homography_matrix": [
    [
      0.6129280341184894,
      -0.25442650816263773,
      128.0
    ],
    [
      0.1501815003639616,
      0.32010386610660835,
      62.0
    ],
    [
      0.0002754442689332576,
      -0.0009682250676309475,
      1.0
    ]
  ],
  "max_corner_reprojection_error": 0.0,
  "x_direction_vanishing_point_pixels": [
    2225.2342969132783,
    545.2337089661931
  ],
  "y_direction_vanishing_point_pixels": [
    262.7762042818911,
    -330.60894290811774
  ]
}