{
  "max_cross_ratio_deviation": 4.440892098500626e-16,
  "source_cross_ratio": 1.3888888888888888,
  "source_points": [
    -1.2,
    -0.1,
    1.0,
    2.4
  ],
  "tau_count": 21
}