{
  "family_checks": [
    {
      "family": "u_side",
      "normalized_vanishing_point": [
        1.0,
        -0.5769230693719402,
        -0.19230767085294245
      ],
      "on_horizon_residual": 5.6813112769837915e-08,
      "target_residual": 2.2744800643365727e-08
    },
    {
      "family": "v_side",
      "normalized_vanishing_point": [
        1.0,
        0.6000000004007006,
        0.20000004006931243
      ],
      "on_horizon_residual": 1.1980723668703064e-07,
      "target_residual": 4.007131591374833e-08
    },
    {
      "family": "diagonal",
      "normalized_vanishing_point": [
        0.013941405374441367,
        1.0,
        0.3333333515823258
      ],
      "on_horizon_residual": 5.474697739593637e-08,
      "target_residual": 0.0
    }
  ],
  "first_tile_vertices": {
    "A": [
      -1.35,
      -0.92
    ],
    "B": [
      -2.2355,
      -0.018399999999999972
    ],
    "C": [
      -0.8202582557154957,
      0.5719898391193904
    ],
    "D": [
      0.17399999999999993,
      0.02079999999999993
    ]
  },
  "max_family_residual": 4.007131591374833e-08,
  "max_horizon_residual": 1.1980723668703064e-07
}