{
  "image_shape": [
    180,
    260,
    3
  ],
  "max_barycentric_sum_error": 2.220446049250313e-16,
  "overdraw_pixels": 7440,
  "sample_depths_by_triangle": [
    0.666018408551069,
    0.3611132075471698
  ],
  "sample_inside_both_triangles": true,
  "sample_winner_triangle_id": 2,
  "sample_xy": [
    120.5,
    90.5
  ],
  "stencil_values": [
    0,
    1,
    2
  ],
  "visible_pixels": 16020
}