{
  "all_vertices_inside_clip_cube": true,
  "clip_w_all_positive": true,
  "clip_w_min": 3.8956777508731903,
  "depth01_minmax": [
    0.9866638234695274,
    0.9924997616880198
  ],
  "ndc_max": [
    0.186527,
    0.277754,
    0.985
  ],
  "ndc_min": [
    -0.202141,
    -0.260171,
    0.973328
  ],
  "viewport_width_height": [
    800,
    500
  ]
}