{
  "inside_pixel_count": 12452,
  "interpolated_color_minmax": [
    0.10112632657220268,
    0.9464363035966707
  ],
  "max_barycentric_sum_error": 2.220446049250313e-16,
  "mean_abs_bug_image_difference": 0.1956884068273412,
  "normal_length_minmax_after_normalize": [
    0.9999999999999998,
    1.0000000000000002
  ],
  "uv_minmax_inside": [
    0.00222956154376108,
    0.996939045887164
  ],
  "wrong_stride_color_l2_error": 1.4827675819396973
}