{
  "bilinear_value_range": [
    0.1657346643355327,
    0.9254901960784316
  ],
  "clamp_border_sample_equal": true,
  "nearest_vs_bilinear_mean_abs_difference": 0.027575536103731688,
  "repeat_periodic_sample_equal": true,
  "texture_shape": [
    128,
    128,
    3
  ]
}