{
  "expected_octant_area": 1.5707963267948966,
  "hyperboloid_distance": 0.5108256237659907,
  "poincare_disk_distance": 0.5108256237659907,
  "spherical_octant_area": 1.5707963267948966,
  "visual_artifact": "artifacts\\chapter-29\\figures\\riemann-small-loop-holonomy.png",
  "visual_metrics": {
    "file_size": 50068,
    "height": 748,
    "pixel_std": 23.334510442049456,
    "width": 712
  },
  "visual_title": "Riemann Small-Loop Holonomy"
}