{
  "artifact_count": 11,
  "roundtrip_simplex_probability_error": 5.551115123125783e-17,
  "kl_bregman_logsumexp_error": 2.220446049250313e-16,
  "fisher_hessian_max_error": 3.811782889329152e-09,
  "max_entropy_mean_error": 0.0,
  "mutual_information_nats": 0.2418592062046444,
  "mi_projection_marginal_error": 5.551115123125783e-17,
  "applied_lab_mean_error": 0.0,
  "applied_lab_mi_nats": 0.15456643654469907,
  "min_artifact_size_bytes": 67,
  "min_visual_artifact_size_bytes": 78596
}