metric,radius,edge_count,component_count,largest_component,mean_degree
L1,0.28,31,7,10,2.2142857142857144
L1,0.34,45,5,13,3.2142857142857144
L1,0.42,70,2,15,5.0
L1,0.52,94,1,28,6.714285714285714
L2,0.28,48,4,13,3.4285714285714284
L2,0.34,70,2,15,5.0
L2,0.42,96,1,28,6.857142857142857
L2,0.52,119,1,28,8.5
Linf,0.28,60,1,28,4.285714285714286
Linf,0.34,84,1,28,6.0
Linf,0.42,106,1,28,7.571428571428571
Linf,0.52,133,1,28,9.5
