{
  "expected_octant_area": 1.5707963267948966,
  "figure_exists": "True",
  "hyperboloid_distance": 0.5108256237659907,
  "poincare_disk_distance": 0.5108256237659907,
  "spherical_octant_area": 1.5707963267948966
}