{
  "expected_octant_area": 1.5707963267948966,
  "hyperboloid_distance": 0.5108256237659907,
  "poincare_disk_distance": 0.5108256237659907,
  "spherical_octant_area": 1.5707963267948966,
  "visual_artifact": "artifacts\\chapter-13\\figures\\plane-cylinder-egregium.png",
  "visual_metrics": {
    "file_size": 115503,
    "height": 748,
    "pixel_std": 69.19691640447382,
    "width": 780
  },
  "visual_title": "Plane Cylinder Egregium"
}