{
  "finite_meet_affine": [
    0.20784313725490194,
    0.6039215686274509
  ],
  "finite_meet_homogeneous": [
    -1.5899999999999999,
    -4.62,
    -7.65
  ],
  "line_a": [
    -1.5,
    3.0,
    -1.5
  ],
  "line_b": [
    1.6,
    1.9,
    -1.48
  ],
  "parallel_meet_homogeneous": [
    -4.0,
    0.0,
    0.0
  ]
}