model,A_rad,B_rad,C_rad,angle_sum_minus_pi,signed_integral_K_dS,area
unit sphere octant,1.5707963267948966,1.5707963267948966,1.5707963267948966,1.5707963267948966,1.5707963267948966,1.5707963267948966
hyperbolic K=-1 example,1.0471975511965976,0.7853981633974483,0.6283185307179586,-0.6806784082777888,-0.6806784082777888,0.6806784082777888
