{
  "all_sides_pi_over_2": true,
  "latitude_unit_residual_max": 0.0,
  "side_lengths": {
    "AB": 1.5707963267948966,
    "BC": 1.5707963267948966,
    "CA": 1.5707963267948966
  }
}
