{
  "affine_parallel_cross_product": 0.0,
  "artifact_count": 4,
  "center_nullspace_residual": 1.1371805845725668e-13,
  "homogeneous_scale_projection_error": 2.842170943040401e-14,
  "image_point_bounds": {
    "u_max": 400.97064511765956,
    "u_min": 229.2467854976004,
    "v_max": 304.6554756162227,
    "v_min": 154.31702646503447
  },
  "known_block_reconstruction_error": 0.0,
  "libraries": [
    "numpy",
    "scipy.linalg.rq",
    "matplotlib 2D/3D",
    "course camera/projective/artifact helpers"
  ],
  "perspective_parallel_cross_product": 0.15055660575509347,
  "rq_style_reconstruction_error": 8.094502753720934e-16,
  "source_span": {
    "pdf_pages": "171-195",
    "printed_pages": "153-177"
  }
}
