{
  "axis": [
    0.5491890194536594,
    0.7322520259382125,
    0.40273861426601687
  ],
  "axis_fixed_error": 5.551115123125783e-17,
  "determinant": 1.0,
  "orthogonality_error": 2.658559750576427e-16
}