{
  "basis_orthogonality_error": 0.0,
  "canonical_to_frame": [
    [
      0.848048096156426,
      0.5299192642332049,
      -1.2243085011003314
    ],
    [
      -0.5299192642332049,
      0.848048096156426,
      0.11648473777049116
    ],
    [
      0.0,
      0.0,
      1.0
    ]
  ],
  "frame_to_canonical": [
    [
      0.848048096156426,
      -0.5299192642332049,
      1.1
    ],
    [
      0.5299192642332049,
      0.848048096156426,
      0.55
    ],
    [
      0.0,
      0.0,
      1.0
    ]
  ],
  "local_point": [
    1.15,
    0.7,
    1.0
  ],
  "roundtrip_error": 2.482534153247273e-16,
  "world_point": [
    1.7043118256166463,
    1.7530408211776838,
    1.0
  ]
}