{
  "shear_condition_number": 2.6180339887498953,
  "shear_singular_values": [
    1.618033988749895,
    0.6180339887498948
  ],
  "shear_svd_reconstruction_error": 2.525354700168764e-16,
  "symmetric_eigenvalues": [
    2.618033988749895,
    0.38196601125010515
  ],
  "symmetric_reconstruction_error": 7.021666937153402e-16
}