{
  "correct_dot_Mt1": 0.0,
  "correct_dot_Mt2": -1.1102230246251565e-16,
  "original_dot_t1": 0.0,
  "original_dot_t2": 0.0,
  "wrong_dot_Mt1": -0.2856955985404994,
  "wrong_dot_Mt2": 0.22721646588281108
}