actor_storage_pressure,camera_freedom,frame_budget_ms,game_type,precomputed_lighting,streaming_pressure,stylization_room,target_fps,unique_asset_pressure,visible_actors,visible_world_span
0.6339850002884624,1,16.666666666666668,Fighting arena,9,1,5,60,4,2,1
2.5903078026987645,6,16.666666666666668,First-person shooter,6,5,4,60,7,12,5
5.357552004618084,10,33.333333333333336,Open-world sandbox,2,10,6,30,10,40,10
5.131641814680232,8,33.333333333333336,Real-time strategy,5,6,7,30,7,160,8
0.9509775004326937,2,33.333333333333336,Puzzle or casual,8,2,9,30,3,8,2
2.344134357365111,3,33.333333333333336,Two-and-a-half-D platformer,7,4,8,30,6,14,4
5.992390334476616,10,33.333333333333336,Persistent online world,3,9,6,30,9,100,9
