api_abstraction,bandwidth_gbps,certification_pressure,frame_time_tightness,gpu_capacity,memory_gb,platform,platform_variance,streaming_pressure,target_fps,time_budget_ms
3,180,9,0.5000100000000001,7.0,16,Fixed console,1,0.18633899812498247,30,33.333333333333336
7,80,2,0.5000100000000001,3.0,8,PC low spec,8,0.3952847075210474,30,33.333333333333336
7,450,2,1.0000200000000001,10.0,32,PC high spec,9,0.08333333333333333,60,16.666666666666668
10,30,4,0.5000100000000001,2.0,4,Browser or VM,6,0.9128709291752769,30,33.333333333333336
6,60,8,0.5000100000000001,4.0,6,Handheld mobile,5,0.5270462766947299,30,33.333333333333336
