MiB,bytes,map,size
21.333332061767578,22369620,diffuse RGBA,2048
21.333332061767578,22369620,normal RGB/RGBA,2048
5.333332061767578,5592404,specular,1024
1.3333330154418945,1398101,smoothness,1024
0.33333301544189453,349525,emissive or mask,512
