{
  "eigenvalues": [
    -2.7177411174640036,
    4.516686194798963e-16,
    0.325396771834382,
    3.392344345629622
  ],
  "gram": [
    [
      -1.0,
      0.0,
      -1.0,
      -1.0
    ],
    [
      0.0,
      1.0,
      1.0,
      -1.0
    ],
    [
      -1.0,
      1.0,
      0.0,
      -2.0
    ],
    [
      -1.0,
      -1.0,
      -2.0,
      1.0
    ]
  ],
  "metric": [
    -1,
    1,
    1
  ]
}