{
  "mutual_inner": 0.9999999999999998,
  "n_minus_square": 0.0,
  "n_plus_square": 0.0,
  "pair_blade": "e_t^e_x",
  "pair_blade_square": 0.9999999999999996
}