radius,period,period_over_2pi
0.55,6.283185307179586,1.0
1.0,6.283185307179586,1.0
1.65,6.283185307179586,1.0
