surface,euler_characteristic,total_curvature,two_pi_chi,residual
sphere,2,12.56635785457194,12.566370614359172,1.2759787232141662e-05
torus,0,-2.092721098805179e-15,0.0,2.092721098805179e-15
