{
  "chi_square_quantiles": {
    "0.68": 2.27886856637673,
    "0.95": 5.991464547107979,
    "0.99": 9.21034037197618
  },
  "covariance": [
    [
      4.0,
      1.45
    ],
    [
      1.45,
      0.95
    ]
  ],
  "covariance_eigenvalues": [
    4.579311051151897,
    0.3706889488481034
  ],
  "covariance_is_psd": true,
  "diagnostic_rule": "accept a two-coordinate residual at probability alpha when squared Mahalanobis distance <= chi2.ppf(alpha, df=2)",
  "empirical_gate_coverage": {
    "0.68": 0.6834166666666667,
    "0.95": 0.9508333333333333,
    "0.99": 0.9904166666666666
  },
  "libraries": [
    "numpy",
    "scipy.stats",
    "matplotlib"
  ],
  "max_gate_coverage_error": 0.0034166666666666234,
  "mean": [
    0.55,
    -0.35
  ],
  "residual_dimension": 2,
  "sample_covariance": [
    [
      3.9208153433216975,
      1.4096804233898896
    ],
    [
      1.4096804233898896,
      0.9354752434149729
    ]
  ],
  "source_span": {
    "pdf_pages": "583-585",
    "printed_pages": "565-567",
    "sections": [
      "A2.1 Gaussian probability distribution",
      "A2.2 chi-square distribution"
    ]
  },
  "title": "Gaussian and Chi-square Distributions",
  "whitened_covariance": [
    [
      0.9868223070641383,
      -0.015289843468848674
    ],
    [
      -0.015289843468848674,
      1.0035177942523985
    ]
  ],
  "whitening_max_identity_error": 0.015289843468848674
}
