{
  "affine_plane_mapping_error": 2.7779122689378e-17,
  "baseline_small_singular_values": [
    4.3195058609918435e-13,
    2.0459675097407257e-13
  ],
  "baseline_triangulation_rank": 2,
  "canonical_reprojection_max_px": 1.2517206079572008e-10,
  "eight_point_rank": 2,
  "eight_point_sampson_max": 8.173176472886726e-21,
  "fundamental_scale_relative_error": 2.4891051659660506e-16,
  "ground_control_all_point_rmse": 4.1825241201984744e-13,
  "ground_control_control_rmse": 2.436401144110388e-13,
  "ground_control_count": 5,
  "ground_control_max_heldout_error": 8.556827370637976e-13,
  "metric_cholesky_identity_error": 2.203440269029024e-16,
  "opencv_sampson_max": 7.685545429893881e-11,
  "parallel_cosine_affine_frame": 0.9999999999999999,
  "parallel_cosine_projective_frame": 0.9755774006430098,
  "point_count": 17,
  "projective_warp_reprojection_max_px": 4.2780337774645343e-13,
  "regular_triangulation_rank": 3,
  "right_angle_cosine_affine_frame": 0.11609158579729856,
  "right_angle_cosine_metric_frame": -7.486157857638004e-17,
  "source_span": "printed pages 262-278; PDF pages 280-296",
  "sympy_plane_identity_is_zero": true,
  "theorem_graph_is_dag": true
}
