{
  "cosine_hemisphere_mean_z": 0.6623021950912782,
  "expected_cosine_hemisphere_mean_z": 0.6666666666666666,
  "expected_phong_mean_z": 0.9,
  "hemisphere_min_z": 0.0013301993628802578,
  "interactive_html": "artifacts/chapter-13/html/sphere-hemisphere-direction-sampling.html",
  "marginal_png": "artifacts/chapter-13/figures/sphere-hemisphere-direction-marginals.png",
  "max_norm_error": 2.220446049250313e-16,
  "phong_exponent": 8.0,
  "phong_mean_z": 0.8990207291504427,
  "sphere_mean_z": -0.014535220370801348,
  "uniform_hemisphere_mean_z": 0.5072676101854007
}