{
  "cubic_inverse_cdf_error": 0.009783733102462444,
  "cubic_pdf_integral": 1.0,
  "disk_radial_cdf_error_correct": 0.010904764310865844,
  "disk_radial_cdf_error_naive": 0.25108511217675267,
  "expected_inner_half_radius_probability": 0.25,
  "inner_half_radius_probability_correct": 0.2525,
  "inner_half_radius_probability_naive": 0.49916666666666665
}