{
  "chapter": 13,
  "concept_count": 6,
  "disk_radial_cdf_error": 0.03296264634183599,
  "title": "Sampling",
  "x_squared_estimate": 0.329277561638759
}