{
  "direction_pairs": 18,
  "estimated_rotor": [
    0.936397,
    0.069375,
    -0.156653,
    0.306282
  ],
  "rms_direction_error": 0.014661030439445636,
  "rotation_error_degrees": 0.22347225202510781,
  "singular_values": [
    9.297949,
    5.674739,
    3.025378
  ]
}