{
  "angle_A": 0.951664896785689,
  "angle_B": 0.9829698460282481,
  "angle_C": 1.2069579107758561,
  "angle_sum": 3.141592653589793,
  "area_oriented": 1.37595,
  "law_of_cosines_error": -8.881784197001252e-16,
  "law_of_sines_spread": 5.551115123125783e-17,
  "side_a": 1.697586522095413,
  "side_b": 1.7346181135915768,
  "side_c": 1.9480503073586164
}