{
  "artifact_count": 5,
  "chapter": 5,
  "checks": {
    "attention_row_sum_error": 1.1102230246251565e-16,
    "cnn_translation_equivariance_error": 0.0,
    "dilated_receptive_field": 31,
    "e3_distance_preservation_error": 4.440892098500626e-16,
    "gate_max": 0.9947798743064417,
    "gate_min": 0.01098694263059318,
    "gnn_permutation_equivariance_error": 2.7755575615628914e-16,
    "rotation_channel_permutation_error": 0.0
  }
}