{
  "expected_octant_area": 1.5707963267948966,
  "hyperboloid_distance": 0.5108256237659907,
  "poincare_disk_distance": 0.5108256237659907,
  "spherical_octant_area": 1.5707963267948966,
  "visual_artifact": "artifacts\\chapter-37\\figures\\stokes-bridge.png",
  "visual_metrics": {
    "file_size": 71856,
    "height": 748,
    "pixel_std": 24.766530440836647,
    "width": 969
  },
  "visual_title": "Stokes Bridge"
}