{
  "chapter": 9,
  "source_orientation": {
    "printed_pages": "191-213",
    "pdf_pages": "197-219"
  },
  "neyman_scott": {
    "m": 2,
    "true_sigma2": 1.0,
    "profile_last_mean": 0.49991945479297917,
    "estimating_last_mean": 0.9998389095859583,
    "theory_profile_limit": 0.5
  },
  "projection_check": {
    "dot_efficient_with_nuisance": 5.551115123125783e-16,
    "target_norm2": 4.165,
    "decomposition_norm2": 4.164999999999997
  },
  "semiparametric_check": {
    "max_abs_inner_product_with_basis": 1.8474284602110202e-16,
    "efficient_curve_energy": 0.29222170835251426,
    "target_curve_energy": 1.0103522602802013
  },
  "spike_summary": {
    "n_events": 23,
    "median_interval": 0.23050032256217357,
    "min_interval": 0.003254779049735035,
    "burst_fraction_shorter_than_half_median": 0.3181818181818182
  },
  "lab_rows": [
    {
      "m": 2,
      "profile_mean": 0.49952628420880874,
      "profile_sd": 0.040198185934070714,
      "estimating_mean": 0.9990525684176175,
      "estimating_sd": 0.08039637186814143,
      "profile_theory": 0.5
    },
    {
      "m": 3,
      "profile_mean": 0.6682444634474312,
      "profile_sd": 0.03960140269125654,
      "estimating_mean": 1.0023666951711467,
      "estimating_sd": 0.059402104036884805,
      "profile_theory": 0.6666666666666666
    },
    {
      "m": 5,
      "profile_mean": 0.8000073341048496,
      "profile_sd": 0.033432047587790725,
      "estimating_mean": 1.000009167631062,
      "estimating_sd": 0.04179005948473841,
      "profile_theory": 0.8
    },
    {
      "m": 10,
      "profile_mean": 0.9002605486086604,
      "profile_sd": 0.024241592266152686,
      "estimating_mean": 1.0002894984540671,
      "estimating_sd": 0.026935102517947427,
      "profile_theory": 0.9
    }
  ],
  "artifacts": {
    "nuisance_fibers.png": {
      "path": "artifacts/chapter-09/nuisance_fibers.png",
      "bytes": 108986
    },
    "neyman_scott_bias.png": {
      "path": "artifacts/chapter-09/neyman_scott_bias.png",
      "bytes": 54446
    },
    "estimating_function_geometry.png": {
      "path": "artifacts/chapter-09/estimating_function_geometry.png",
      "bytes": 80005
    },
    "semiparametric_projection.html": {
      "path": "artifacts/chapter-09/semiparametric_projection.html",
      "bytes": 4895366
    },
    "spike_intervals.png": {
      "path": "artifacts/chapter-09/spike_intervals.png",
      "bytes": 69402
    },
    "applied_lab_variance_estimators.png": {
      "path": "artifacts/chapter-09/applied_lab_variance_estimators.png",
      "bytes": 67380
    }
  },
  "checks": {
    "profile_bias_matches_half_limit_for_m2": true,
    "estimating_estimator_near_truth": true,
    "efficient_score_orthogonal_to_nuisance": true,
    "semiparametric_residual_orthogonal_to_basis": true,
    "artifact_files_exist_and_nonempty": true
  }
}
