{
  "area_shear": {
    "area_samples_max": 7.200000000000001,
    "area_samples_min": 7.199999999999999,
    "area_target": 7.2,
    "max_area_error": 8.881784197001252e-16,
    "shear_determinant": "1"
  },
  "circle_angles": {
    "inscribed_angle_std": 0.0,
    "inscribed_angles_degrees": [
      65.00000000000001,
      65.00000000000001,
      65.00000000000001,
      65.00000000000001
    ],
    "semicircle_angle_degrees": 90.0,
    "semicircle_right_angle_error": 0.0
  },
  "congruence_dependency": {
    "dependency_edges": 14,
    "dependency_nodes": 14,
    "has_path_parallel_to_thales": true,
    "has_path_sas_to_pentagon": true
  },
  "parallel": {
    "parallel_alternate_angle_degrees": 46.6,
    "sample_triangle_angle_sum_error": 0.0
  },
  "pentagon": {
    "diagonal_lengths": [
      1.618033988749895,
      1.618033988749895,
      1.618033988749894,
      1.6180339887498953,
      1.6180339887498942
    ],
    "golden_ratio_polynomial_at_phi": "0",
    "max_diagonal_error_from_phi": 8.881784197001252e-16,
    "max_side_error_from_1": 3.3306690738754696e-16,
    "phi": 1.618033988749895,
    "side_lengths": [
      1.0,
      0.9999999999999999,
      0.9999999999999998,
      0.9999999999999997,
      1.0
    ],
    "sqrt_lab_h": 1.5329709716755893,
    "sqrt_lab_h2_minus_l": 0.0,
    "sqrt_lab_l": 2.35,
    "square_of_sum_identity": "a**2 + 2*a*b + b**2"
  },
  "pythagorean": {
    "a": 4.0,
    "a2_equals_c_c2_error": 0.0,
    "b": 3.0,
    "b2_equals_c_c1_error": 0.0,
    "c": 5.0,
    "c1": 1.8,
    "c2": 3.2,
    "pythagorean_error": 0.0
  },
  "source_span": {
    "pdf_pages": "30-55",
    "printed_pages": "20-45",
    "sections": "2.1-2.9"
  },
  "thales": {
    "AP_over_PB": 0.7241379310344828,
    "AQ_over_QC": 0.7241379310344829,
    "area_PQB": 2.026752,
    "area_PQC": 2.026752,
    "equal_area_error": 0.0,
    "ratio_error": 1.1102230246251565e-16
  }
}