{
  "euclidean_final_loss": 0.07096565076308474,
  "natural_beats_euclidean": true,
  "natural_final_loss": 0.015304922610262929,
  "simplex_path_normalizes": true,
  "singular_min_eigenvalue": 0.0004309401565524788
}
