{
  "P_rank": 3,
  "camera_center_nullspace_norm": 4.547475677268469e-13,
  "dlt_camera_center": [
    0.12400964,
    -0.22238416,
    -3.39328984
  ],
  "dlt_center_error": 0.008172368416251947,
  "dlt_condition_ratio": {
    "normalized": 750.6279104452752,
    "raw": 2172714.4364854326
  },
  "dlt_design_shape": [
    160,
    12
  ],
  "dlt_null_gap": {
    "normalized": 140.82060676598368,
    "raw": 53.442595029399875
  },
  "libraries": [
    "cv2.projectPoints",
    "cv2.solvePnP",
    "NumPy/SciPy SVD",
    "Matplotlib",
    "Pillow",
    "SymPy"
  ],
  "point_count": 80,
  "radial_distortion": {
    "max_residual_before_correction_px": 10.278520118120293,
    "mean_residual_after_correction_px": 1.8574481383753604e-05,
    "mean_residual_before_correction_px": 2.910290713002867
  },
  "rmse_pixels": {
    "affine_camera": 19.5088910033393,
    "known_K_solvePnP": 0.6744010905762686,
    "normalized_dlt": 0.6645293685103746,
    "raw_dlt": 0.6645781638469251
  },
  "solvepnp_camera_center": [
    0.12096882,
    -0.2212895,
    -3.39786172
  ],
  "solvepnp_center_error": 0.002678365604658133,
  "source_span": "Chapter 07, printed pages 178-194; PDF pages 196-212",
  "true_camera_center": [
    0.12,
    -0.22,
    -3.4
  ]
}
