{
  "hit_parameter": 3.062769799659876,
  "hit_point": [
    0.3047569855713575,
    0.0,
    -0.9524301442864256
  ]
}