{
  "p": 2.6,
  "passed": true,
  "q_strictly_increases_until_terminal": true,
  "q_values": [
    2.6,
    3.714285714285715,
    6.500000000000002,
    26.000000000000057
  ],
  "r_values": [
    1.3,
    1.5294117647058825,
    1.8571428571428574,
    2.363636363636364
  ],
  "steps": 4,
  "terminal_r": 2.363636363636364,
  "terminal_r_exceeds_two": true
}