{
  "forcing_H0": 1.2190875158179513,
  "forcing_H1": 6.49397326687397,
  "passed": true,
  "solution_H2": 2.154213952338235,
  "solution_H3": 7.026254488173514,
  "tail_gain_ratio": 6241.0
}