{
  "forcing_H0": 1.1964592035792412,
  "forcing_H1": 7.387213225427221,
  "inverse_laplace_residual": 1.3877787807814457e-17,
  "passed": true,
  "solution_H2": 2.138685724892474,
  "solution_H3": 7.851158605384212,
  "tail_gain_ratio_at_largest_mode": 32040.999999999996,
  "two_derivative_bound_ratio": 1.7875124521542698
}