{
  "checks": {
    "intersection_area_not_larger_than_inputs": true,
    "intersection_polygon_nonempty_and_convex": true
  },
  "intersection_area": 3.2319029086151057,
  "intersection_vertices": [
    [
      0.9616777883698762,
      0.05548141086749285
    ],
    [
      1.7333333333333334,
      0.09999999999999999
    ],
    [
      2.641486068111455,
      0.471517027863777
    ],
    [
      2.7971929824561403,
      1.6782456140350883
    ],
    [
      2.7868852459016393,
      1.70327868852459
    ],
    [
      1.4285714285714288,
      2.0428571428571427
    ],
    [
      0.6999999999999998,
      1.8
    ]
  ]
}
