{
  "checks": {
    "barycentric_coordinates_inside": true,
    "barycentric_coordinates_sum_to_one": true,
    "segment_meets_triangle": true
  },
  "intersection": {
    "barycentric": [
      0.2904255319148937,
      0.2606382978723405,
      0.44893617021276583
    ],
    "kind": "inside",
    "plane_t": 0.6224999999999999,
    "point": [
      0.85,
      0.95,
      0.13250000000000028
    ]
  }
}
