X,Y,y_over_x_if_x_nonzero,x_over_y_if_y_nonzero
2.0,1.0,0.5,2.0
-2.0,-1.0,0.5,2.0
1.0,-3.0,-3.0,-0.3333333333333333
-1.0,3.0,-3.0,-0.3333333333333333
