{
  "artifact_count": 6,
  "axis_center_error": 5.551115123125783e-17,
  "axis_length_error": 4.577566798522237e-16,
  "conjugacy_residual_abs": 0.0,
  "off_diagonal_error_after_rotation": 4.679083484994101e-16,
  "polarity_contact_residual_max": 0.0,
  "polarity_tangent_residual_max": 0.0,
  "sample_equation_residual": 2.4424906541753444e-15,
  "sample_normalized_radius_error": 3.6637359812630166e-15,
  "translation_identity_error": 1.3322676295501878e-15
}
