{
  "max_error_from_one": 0.0,
  "periods": [
    {
      "period": 6.283185307179586,
      "period_over_2pi": 1.0,
      "radius": 0.7
    },
    {
      "period": 6.283185307179586,
      "period_over_2pi": 1.0,
      "radius": 1.2
    },
    {
      "period": 6.283185307179586,
      "period_over_2pi": 1.0,
      "radius": 1.7
    }
  ]
}
