{
  "determinant": 0.8275000000000001,
  "residual": 0.0,
  "source_pullback_integral": 1.0183421875000003,
  "target_integral": 1.0183421875000003
}
