{
  "area_integral": 4.1547562843725006,
  "boundary_integral": 4.1547562843725006,
  "d_squared_sample": "0",
  "residual": 0.0
}
