{
  "dirichlet_vertices": [
    [
      -0.9,
      -0.398148
    ],
    [
      0.25,
      -0.951852
    ],
    [
      0.9,
      -0.398148
    ],
    [
      0.9,
      0.398148
    ],
    [
      -0.25,
      0.951852
    ],
    [
      -0.9,
      0.398148
    ]
  ],
  "neighbor_lattice_coordinates": [
    [
      -1,
      0
    ],
    [
      -1,
      1
    ],
    [
      0,
      -1
    ],
    [
      0,
      1
    ],
    [
      1,
      -1
    ],
    [
      1,
      0
    ]
  ],
  "neighbor_points": [
    [
      -1.8,
      0.0
    ],
    [
      -1.15,
      1.35
    ],
    [
      -0.65,
      -1.35
    ],
    [
      0.65,
      1.35
    ],
    [
      1.15,
      -1.35
    ],
    [
      1.8,
      0.0
    ]
  ]
}