{
  "expected_octant_area": 1.5707963267948966,
  "hyperboloid_distance": 0.5108256237659907,
  "poincare_disk_distance": 0.5108256237659907,
  "spherical_octant_area": 1.5707963267948966,
  "visual_artifact": "artifacts\\chapter-28\\figures\\jacobi-geodesic-deviation.png",
  "visual_metrics": {
    "file_size": 63113,
    "height": 748,
    "pixel_std": 25.144126049936276,
    "width": 958
  },
  "visual_title": "Jacobi Geodesic Deviation"
}