{
  "QS": 1.618033988749895,
  "QU": 1.0,
  "US": 0.6180339887498949,
  "arc_endpoint_residual": 0.0,
  "larger_to_smaller": 1.6180339887498947,
  "midpoint_diagonal_length": 1.118033988749895,
  "tau": 1.618033988749895,
  "tau_quadratic_residual": 0.0,
  "whole_to_larger": 1.618033988749895
}