{
  "log_spiral_equation_max_residual": 1.7763568394002505e-15,
  "mu": 1.3584562741829884,
  "node_angle_step_max_deviation_from_pi_over_2": 1.7763568394002505e-15,
  "node_angle_step_mean": 1.5707963267948963,
  "node_radius_ratio_max_deviation_from_tau": 2.220446049250313e-16,
  "node_radius_ratio_mean": 1.618033988749895,
  "similarity_matrix_inverse_step": [
    [
      0.0,
      -0.6180339887498948
    ],
    [
      0.6180339887498948,
      0.0
    ]
  ]
}