{
  "QS": 1.6180339887498947,
  "QS_to_QU": 1.618033988749895,
  "QU": 0.9999999999999999,
  "QU_to_US": 1.6180339887498951,
  "US": 0.6180339887498947,
  "diagonal_mean": 1.6180339887498945,
  "diagonal_to_side_ratio": 1.618033988749895,
  "exact_2cos_pi_over_5_minus_tau": "0",
  "inner_pentagon_side_mean": 0.3819660112501052,
  "outer_to_inner_side_ratio": 2.618033988749894,
  "side_max_deviation": 2.220446049250313e-16,
  "side_mean": 0.9999999999999998
}