{
  "best_return_steps_through_144": [
    1,
    2,
    3,
    5,
    8,
    13,
    21,
    34,
    55,
    89,
    144
  ],
  "expected_fibonacci_return_steps": [
    1,
    2,
    3,
    5,
    8,
    13,
    21,
    34,
    55,
    89,
    144
  ],
  "fibonacci_returns_match_expected": true,
  "golden_angle_degrees": 137.50776405003785,
  "golden_turn_fraction": 0.38196601125010515,
  "last_approximant_error": -0.00014782943192331865
}