point,depth_P1,depth_P2,depth_P3,P3_front
X0,3.8,4.0245329254979865,1.5535704300356268,True
X1,4.1,4.133406054057059,1.2412123541554472,True
X2,4.3,4.104624741853819,1.0685934174848226,True
X3,4.6,4.746652814821973,0.8811785719567151,True
X4,4.4,4.30620172245329,1.0883212959614648,True
X5,4.8,4.513384052245901,0.6510199897292148,True
X6,5.9,5.956545879125962,-0.49648494166217905,False
X7,6.1,5.956545879125961,-0.6017002935376077,False
X8,6.25,5.941131168844825,-0.851586754241751,False
