point,w1,w3,sign_w1_w3,predicted_front_P3,direct_depth_P3,direct_front_P3
X0,3.8,1.5535704300356268,1,True,1.5535704300356268,True
X1,4.1,1.2412123541554472,1,True,1.2412123541554472,True
X2,4.3,1.0685934174848226,1,True,1.0685934174848226,True
X3,4.6,0.8811785719567151,1,True,0.8811785719567151,True
X4,4.4,1.0883212959614648,1,True,1.0883212959614648,True
X5,4.8,0.6510199897292148,1,True,0.6510199897292148,True
X6,5.9,-0.49648494166217905,-1,False,-0.49648494166217905,False
X7,6.1,-0.6017002935376077,-1,False,-0.6017002935376077,False
X8,6.25,-0.851586754241751,-1,False,-0.851586754241751,False
