{
  "bounds_max": [
    1.0778124107504832,
    0.5259112232136309,
    0.7551557073053359
  ],
  "bounds_min": [
    -1.0666877008833966,
    -0.5548625622155514,
    -0.7500424205132236
  ],
  "euler_number": 2,
  "face_count": 4640,
  "grid_shape": [
    54,
    54,
    54
  ],
  "iso_level": 0.42,
  "normal_length_max_error": 5.960464477539063e-08,
  "normal_length_mean": 1.0,
  "vertex_count": 2322,
  "volume_min_max": [
    0.0,
    1.4956370774383445
  ],
  "watertight": true
}