{
  "blend_max": 1.0453407055077577,
  "chapter": 21,
  "concept_count": 6,
  "title": "Implicit Modeling",
  "union_negative_fraction": 0.3541269841269841
}