{
  "color_report": {
    "clipped_display_colors": [
      [
        1.0,
        0.0,
        0.0
      ],
      [
        0.0,
        1.0,
        0.0
      ],
      [
        0.0,
        0.0,
        1.0
      ],
      [
        0.866355,
        0.950927,
        0.0
      ],
      [
        0.958147,
        0.0,
        1.0
      ],
      [
        0.0,
        0.850678,
        0.918955
      ],
      [
        0.837424,
        0.365602,
        0.096691
      ],
      [
        0.123456,
        0.385507,
        0.85898
      ],
      [
        0.568184,
        0.540316,
        0.634605
      ],
      [
        0.811692,
        0.771881,
        0.906578
      ]
    ],
    "converted_coordinates": [
      [
        1.01281,
        -0.078797,
        -0.012376
      ],
      [
        -0.146455,
        1.029724,
        -0.100043
      ],
      [
        -0.054663,
        -0.179047,
        1.018998
      ],
      [
        0.866355,
        0.950927,
        -0.11242
      ],
      [
        0.958147,
        -0.257844,
        1.006621
      ],
      [
        -0.201118,
        0.850678,
        0.918955
      ],
      [
        0.837424,
        0.365602,
        0.096691
      ],
      [
        0.123456,
        0.385507,
        0.85898
      ],
      [
        0.568184,
        0.540316,
        0.634605
      ],
      [
        0.811692,
        0.771881,
        0.906578
      ]
    ],
    "input_frame": [
      [
        1.0,
        0.08,
        0.02
      ],
      [
        0.15,
        1.0,
        0.1
      ],
      [
        0.08,
        0.18,
        1.0
      ]
    ],
    "reciprocal_frame": [
      [
        1.01281,
        -0.146455,
        -0.054663
      ],
      [
        -0.078797,
        1.029724,
        -0.179047
      ],
      [
        -0.012376,
        -0.100043,
        1.018998
      ]
    ],
    "sample_colors": [
      [
        1.0,
        0.0,
        0.0
      ],
      [
        0.0,
        1.0,
        0.0
      ],
      [
        0.0,
        0.0,
        1.0
      ],
      [
        1.0,
        1.0,
        0.0
      ],
      [
        1.0,
        0.0,
        1.0
      ],
      [
        0.0,
        1.0,
        1.0
      ],
      [
        0.9,
        0.45,
        0.15
      ],
      [
        0.25,
        0.55,
        0.9
      ],
      [
        0.7,
        0.7,
        0.7
      ],
      [
        1.0,
        1.0,
        1.0
      ]
    ]
  },
  "contraction_report": {
    "B": "e1^e2",
    "B_right_contract_x": "0.55e1 - 1.2e2",
    "projection_coordinates": [
      1.2,
      0.55,
      0.0
    ],
    "projection_from_contraction": "1.2e1 + 0.55e2",
    "x": "1.2e1 + 0.55e2 + 0.8e3",
    "x_left_contract_B": "-0.55e1 + 1.2e2"
  },
  "cross_report": {
    "area_blade": "2e1^e2 + 1.125e1^e3 + 1.25e2^e3",
    "area_measure": 2.613068120045859,
    "dual_vector_from_ga": [
      1.25,
      -1.125,
      2.0
    ],
    "numpy_cross": [
      1.25,
      -1.125,
      2.0
    ],
    "orthogonal_to_a": 0.0,
    "orthogonal_to_b": 0.0
  },
  "duality_report": {
    "dual_again": "-e1^e3 - 0.25e2^e3",
    "dual_normal": "0.25e1 - e2",
    "normal_dot_plane_factor_1": 0.0,
    "normal_dot_plane_factor_2": 0.0,
    "plane": "e1^e3 + 0.25e2^e3",
    "pseudoscalar": "e1^e2^e3"
  },
  "metric_report": {
    "area_A": 1.0,
    "area_stretched": 2.8,
    "gram_A": [
      [
        1.0,
        0.0
      ],
      [
        0.0,
        1.0
      ]
    ],
    "metric_product_A_A": 1.0,
    "plane_cosine_A_tilted": 0.41036467732879783,
    "star_A_A": -1.0,
    "tilted_area": 1.0965856099730655,
    "vector_angle_e1_to_tilted_second_degrees": 90.0
  },
  "page_audit": {
    "covered_headings": [
      "3.1 Sizing Up Subspaces",
      "3.1.1 Metrics, Norms, and Angles",
      "3.1.2 Definition of the Scalar Product",
      "3.1.3 The Squared Norm of a Subspace",
      "3.1.4 The Angle Between Subspaces",
      "3.2 From Scalar Product to Contraction",
      "3.3 Geometric Interpretation of the Contraction",
      "3.4 The Other Contraction",
      "3.5 Orthogonality and Duality",
      "3.6 Orthogonal Projection of Subspaces",
      "3.7 The 3-D Cross Product",
      "3.8 Application: Reciprocal Frames",
      "3.11 Programming Examples and Exercises"
    ],
    "end_heading": "3.11.4 Color Space Conversion",
    "next_printed_page": "99 begins Chapter 4: Linear Transformations of Subspaces",
    "pdf_pages": "97-130",
    "printed_pages": "65-98",
    "start_heading": "3 Metric Products of Subspaces"
  },
  "projection_report": {
    "basis": [
      [
        1.0,
        0.0,
        0.0
      ],
      [
        0.35,
        1.0,
        0.0
      ]
    ],
    "basis_dot_residual": [
      0.0,
      0.0
    ],
    "coefficients": [
      0.8525,
      0.85
    ],
    "projection": [
      1.15,
      0.85,
      0.0
    ],
    "residual": [
      0.0,
      0.0,
      1.05
    ],
    "vector": [
      1.15,
      0.85,
      1.05
    ]
  },
  "reciprocal_report": {
    "coordinates": [
      0.211203,
      0.260232,
      0.737393
    ],
    "frame": [
      [
        1.0,
        0.15,
        0.05
      ],
      [
        0.25,
        1.0,
        0.2
      ],
      [
        0.1,
        0.35,
        1.0
      ]
    ],
    "frame_dot_reciprocal": [
      [
        1.0,
        -0.0,
        0.0
      ],
      [
        -0.0,
        1.0,
        0.0
      ],
      [
        0.0,
        0.0,
        1.0
      ]
    ],
    "reciprocal": [
      [
        1.039251,
        -0.257019,
        -0.013968
      ],
      [
        -0.148065,
        1.111887,
        -0.374354
      ],
      [
        -0.022349,
        -0.209526,
        1.075569
      ]
    ],
    "reconstructed": [
      0.35,
      0.55,
      0.8
    ],
    "target": [
      0.35,
      0.55,
      0.8
    ]
  },
  "sanity": {
    "bivector_metric_norm_ok": true,
    "color_coordinates_finite_ok": true,
    "contraction_projection_ok": true,
    "cross_is_dual_area_ok": true,
    "projection_residual_orthogonal_ok": true,
    "reciprocal_delta_ok": true
  }
}