{
  "expected_octant_area": 1.5707963267948966,
  "hyperboloid_distance": 0.5108256237659907,
  "poincare_disk_distance": 0.5108256237659907,
  "spherical_octant_area": 1.5707963267948966,
  "visual_artifact": "artifacts\\chapter-18\\figures\\angular-excess-ledger.png",
  "visual_metrics": {
    "file_size": 17309,
    "height": 748,
    "pixel_std": 117.5027277001617,
    "width": 689
  },
  "visual_title": "Angular Excess Ledger"
}