{
  "area_identity_error": 0.0,
  "concho_angle_std": 1.4933853570482252e-13,
  "evolute_error": 1.7958200611075785e-15,
  "helix_kappa_error": 0.00010302101815773401,
  "table_count": 5,
  "tractrix_length_error": 0.0,
  "visual_count": 6
}