{
  "chain_rule_residual": 5.826349546395246e-11,
  "normal_dot_sigma_u": 0.0,
  "normal_dot_sigma_v": 0.0,
  "normal_unit_length": 1.0,
  "point": [
    0.7,
    -0.4,
    0.3299999999999999
  ],
  "sigma_u": [
    1.0,
    0.0,
    1.4
  ],
  "sigma_v": [
    0.0,
    1.0,
    0.8
  ],
  "tangent_plane_rank": 2
}