{
  "convolution": {
    "associative_max_error": 0.0,
    "box_step_ramp_values": [
      0.2,
      0.4,
      0.6000000000000001,
      0.8,
      1.0
    ],
    "commutative_max_error": 0.0,
    "identity_max_error": 0.0,
    "kernel_sum": 1.0,
    "local_weighted_average": 1.0022349831184127,
    "same_value_from_convolution_array": 1.0022349831184127
  },
  "filters": {
    "b_spline_interpolation_error": 0.33333333333333337,
    "catmull_rom_minimum_value": -0.07407345558866929,
    "gaussian_ripple_span": 0.028767533423305625,
    "max_unit_area_error_finite_or_plotted": 0.00041684035014588616,
    "tent_ripple_span": 0.0
  },
  "fourier_convolution": {
    "html_artifact": "artifacts/chapter-10/html/sampling-spectrum-alias-lab.html",
    "linear_convolution_theorem_max_error": 1.6653345369377348e-16
  },
  "frequency_response": {
    "double_rate_alias_overlap": 5.803949944217405e-08,
    "double_rate_overlap_ratio": 3.541632869549876e-07,
    "lowpass_alias_overlap": 0.029203013631592264,
    "lowpass_overlap_ratio": 0.17819993963008943,
    "unit_sample_rate_alias_overlap": 0.16387779755825055
  },
  "image_filtering": {
    "box_blur_variance": 0.03633070584358588,
    "gaussian_blur_variance": 0.035842480031175586,
    "input_highpass_energy": 0.004048966624193007,
    "input_variance": 0.0463100739155753,
    "separable_vs_full_2d_max_error": 3.3306690738754696e-16,
    "unsharp_highpass_energy": 0.02045133373804127
  },
  "resampling": {
    "constant_resample_max_error": 1.6653345369377348e-16,
    "downsample_factor": 3.0,
    "gaussian_scaled_high_frequency_energy": 0.007536340161388794,
    "mitchell_scaled_high_frequency_energy": 0.10281178550008882,
    "nearest_high_frequency_energy": 0.4726729022115472,
    "tent_unscaled_high_frequency_energy": 0.4726729022115472
  },
  "sampling": {
    "alias_frequency": 3.0,
    "alias_sample_max_error": 3.1086244689504383e-15,
    "low_sample_rate": 10.0,
    "tent_reconstruction_sample_error": 0.0064714719781232555,
    "true_frequency": 7.0,
    "zero_order_hold_jump_count": 9
  },
  "source_span": {
    "pdf_pages": "222-271",
    "printed_pages": "205-254"
  }
}