{
  "applied_lab": {
    "late_start_max_step": 0.5067282185206681,
    "late_start_mean_step_after_motion_begins": 0.323138794026172,
    "late_start_path_endpoint_error": 0.0,
    "late_start_zero_motion_frames": 9
  },
  "automatic_methods": {
    "acceleration_budget": 1.35,
    "allocated_acceleration_norm": 0.8789429850683417,
    "budget_remaining_after_priorities": 0.0,
    "explicit_energy_growth_factor": 1902814.3120692377,
    "procedural_wave_time_samples": [
      0.0,
      0.65,
      1.3
    ],
    "symplectic_energy_growth_factor": 1.0167762827371778
  },
  "chapter": 16,
  "keyframes": {
    "default_speed_max": 2.1544386745790876,
    "default_speed_min": 0.9119038581932772,
    "default_speed_ratio": 2.362572167254123,
    "max_key_interpolation_error": 0.0,
    "tcb_variants": [
      "Catmull-Rom default",
      "higher tension",
      "positive bias",
      "continuity kink"
    ]
  },
  "kinematics_and_skinning": {
    "ik_iterations": 12,
    "ik_residual": 8.180028637584174e-06,
    "ik_target": [
      1.52,
      1.08
    ],
    "jacobian_finite_difference_error": 1.069911639193125e-06,
    "skin_vertex_count": 231,
    "smooth_skinning_weight_sum_error": 0.0,
    "solution_count_for_target": 2
  },
  "orientation": {
    "max_matrix_lerp_orthonormality_error": 1.398761582666773,
    "max_quaternion_norm_error_nlerp": 2.220446049250313e-16,
    "max_quaternion_norm_error_slerp": 1.1102230246251565e-16,
    "max_slerp_orthonormality_error": 1.1940732856230915e-15,
    "min_matrix_lerp_determinant": 0.010926199633097175,
    "min_slerp_determinant": 1.0,
    "nlerp_angular_step_cv": 0.17316447358520493,
    "slerp_angular_step_cv": 4.799145813927471e-15
  },
  "path_timing": {
    "arc_length_table": {
      "monotone_non_decreasing": true,
      "samples": 900,
      "total_length": 5.979215163540494
    },
    "constant_arc_length": {
      "coefficient_of_variation": 0.013046044666972446,
      "max_step": 0.22145442660426123,
      "mean_step": 0.22016640623920158,
      "min_step": 0.20757873877709465
    },
    "eased_arc_length": {
      "coefficient_of_variation": 0.4424515299979766,
      "max_step": 0.3301115226943469,
      "mean_step": 0.219438977617053,
      "min_step": 0.023995266465267284
    },
    "raw_parameter": {
      "coefficient_of_variation": 0.26018058232609015,
      "max_step": 0.3131267684096844,
      "mean_step": 0.22071642124681218,
      "min_step": 0.13567617463057913
    }
  },
  "pdf_pages": "446-477",
  "printed_pages": "429-460",
  "timing_aliasing": {
    "diameter": 0.56,
    "fast_circle_overlap_margin": -0.29999999999999993,
    "fast_step": 0.86,
    "fast_stretched_overlap_margin": 0.18000000000000005,
    "radius": 0.28,
    "slow_overlap_margin": 0.22000000000000003,
    "slow_step": 0.34,
    "squash_stretch_area_relative_error": 1.126897208568423e-16
  },
  "title": "Computer Animation"
}