{
  "max_matrix_lerp_orthonormality_error": 1.398761582666773,
  "max_quaternion_norm_error_nlerp": 2.220446049250313e-16,
  "max_quaternion_norm_error_slerp": 1.1102230246251565e-16,
  "max_slerp_orthonormality_error": 1.1940732856230915e-15,
  "min_matrix_lerp_determinant": 0.010926199633097175,
  "min_slerp_determinant": 1.0,
  "nlerp_angular_step_cv": 0.17316447358520493,
  "slerp_angular_step_cv": 4.799145813927471e-15
}