{
  "arc_length_table": {
    "monotone_non_decreasing": true,
    "samples": 900,
    "total_length": 5.979215163540494
  },
  "constant_arc_length": {
    "coefficient_of_variation": 0.013046044666972446,
    "max_step": 0.22145442660426123,
    "mean_step": 0.22016640623920158,
    "min_step": 0.20757873877709465
  },
  "eased_arc_length": {
    "coefficient_of_variation": 0.4424515299979766,
    "max_step": 0.3301115226943469,
    "mean_step": 0.219438977617053,
    "min_step": 0.023995266465267284
  },
  "raw_parameter": {
    "coefficient_of_variation": 0.26018058232609015,
    "max_step": 0.3131267684096844,
    "mean_step": 0.22071642124681218,
    "min_step": 0.13567617463057913
  }
}