{
  "diameter": 0.56,
  "fast_circle_overlap_margin": -0.29999999999999993,
  "fast_step": 0.86,
  "fast_stretched_overlap_margin": 0.18000000000000005,
  "radius": 0.28,
  "slow_overlap_margin": 0.22000000000000003,
  "slow_step": 0.34,
  "squash_stretch_area_relative_error": 1.126897208568423e-16
}