case,side_spread,radius_spread,diagonal_side_ratio_residual
exact_regular_pentagon,2.220446049250313e-16,0.0,0.0
one_vertex_nudged,0.08291262032469504,0.004911975244187405,-3.512354146861796e-06
