{
  "degrees": [
    1,
    2,
    -1
  ],
  "fixed_point_count": 3,
  "fixed_point_samples": [
    -1.9665952400526976,
    1.8410510856067526,
    0.12554415444594585
  ],
  "unit": "chapter-09"
}