{
  "expected_octant_area": 1.5707963267948966,
  "hyperboloid_distance": 0.5108256237659907,
  "poincare_disk_distance": 0.5108256237659907,
  "spherical_octant_area": 1.5707963267948966,
  "visual_artifact": "artifacts\\chapter-14\\figures\\spike-angular-defect.png",
  "visual_metrics": {
    "file_size": 19600,
    "height": 748,
    "pixel_std": 93.2825411074983,
    "width": 671
  },
  "visual_title": "Spike Angular Defect"
}