{
  "expected_octant_area": 1.5707963267948966,
  "hyperboloid_distance": 0.5108256237659907,
  "poincare_disk_distance": 0.5108256237659907,
  "spherical_octant_area": 1.5707963267948966,
  "visual_artifact": "artifacts\\chapter-39\\figures\\act-v-forms-lab-dashboard.png",
  "visual_metrics": {
    "file_size": 21445,
    "height": 748,
    "pixel_std": 101.32293494913381,
    "width": 818
  },
  "visual_title": "Act V Forms Lab Dashboard"
}