{
  "artifact_count": 4,
  "covariance_min_eigenvalue": 0.00042521702734079795,
  "least_squares_slope": 1.2815331407075445,
  "libraries": [
    "numpy least squares and covariance algebra",
    "matplotlib likelihood/Monte Carlo/covariance visuals",
    "course artifact helpers"
  ],
  "median_weight": 1.0,
  "mle_grid_to_ls_slope_error": 0.002513966480446994,
  "mle_slope": 1.2790191742270975,
  "monte_carlo_bias_norm": 0.0022119480673502526,
  "monte_carlo_slope_variance": 0.0007489797252464979,
  "normal_equation_residual_norm": 5.295790011902561e-15,
  "outlier_min_weight": 0.3587184760692612,
  "robust_shift_norm": 0.019930903316133057,
  "source_span": {
    "pdf_pages": "586-595",
    "printed_pages": "568-577"
  }
}
