cloud,top_1_variance,top_2_variance,top_5_variance
valid_synthetic_images,0.738857238032996,0.8226191897235982,0.9767029183122347
random_ambient_pixels,0.05789388045868798,0.11276423599932009,0.2655652128503357
