{
  "expected_octant_area": 1.5707963267948966,
  "hyperboloid_distance": 0.5108256237659907,
  "poincare_disk_distance": 0.5108256237659907,
  "spherical_octant_area": 1.5707963267948966,
  "visual_artifact": "artifacts\\chapter-24\\figures\\holonomy-meter.png",
  "visual_metrics": {
    "file_size": 48528,
    "height": 748,
    "pixel_std": 21.75700032826195,
    "width": 756
  },
  "visual_title": "Holonomy Meter"
}