{
  "area_after": 0.7756250000000008,
  "area_before": 0.7756250000000002,
  "even_versor_preserves_geometric_product": true,
  "inner_after": -0.11000000000000011,
  "inner_before": -0.11000000000000007,
  "odd_reflection_preserves_vector_norm": true,
  "plane_reflector": "0.58619e1^e2 + 0.70715e1^e3 - 0.36474e2^e3"
}