{
  "artifact_stats": {
    "concept-dependency-map.png": {
      "file_size": 86940,
      "height": 705,
      "pixel_std": 27.714447901393704,
      "width": 1073
    },
    "optimization-lagrange-checks.png": {
      "file_size": 37501,
      "height": 646,
      "pixel_std": 69.58687122135699,
      "width": 1326
    },
    "optimization-lagrange-lab.png": {
      "file_size": 173656,
      "height": 728,
      "pixel_std": 40.11575173183661,
      "width": 1693
    }
  },
  "chapter": "appendix-d-optimization-and-lagrange-multipliers",
  "lab_summary": {
    "active_case_stationarity_residual": 7.472367422373729e-08,
    "cases": {
      "active_outside_target": {
        "active": true,
        "constraint_value": -1.1102230246251565e-16,
        "lambda": 0.39790021514487756,
        "q": [
          0.965734,
          -0.321911
        ],
        "stationarity_residual": 7.472367422373729e-08,
        "target": [
          1.35,
          -0.45
        ]
      },
      "inactive_inside_target": {
        "active": false,
        "constraint_value": -0.8628750000000001,
        "lambda": 0.0,
        "q": [
          0.35,
          0.15
        ],
        "stationarity_residual": 0.0,
        "target": [
          0.35,
          0.15
        ]
      }
    },
    "theme": "appendix"
  },
  "metrics": {
    "constraint_residual": 0.0,
    "curvature_margin": 2.8288687962396697,
    "lambda": 0.4144345161638351,
    "stationarity_residual": 5.932392926589407e-09,
    "tangent_derivative_abs": 5.9323929241239526e-09
  },
  "worked_example": {
    "constraint_residual": 0.0,
    "curvature_margin": 2.8288687962396697,
    "lambda": 0.4144345161638351,
    "objective_at_q_star": 0.17175596803687276,
    "q_star": [
      0.98979485,
      0.17674908
    ],
    "stationarity_residual": 5.932392926589407e-09,
    "tangent_derivative": 5.9323929241239526e-09
  }
}