{
  "G_eigenvalues": [
    0.7983887716495466,
    2.3516112283504533
  ],
  "all_sampled_inequalities_hold_with_tolerance": true,
  "max_sampled_violation": -8.685496766247525e-12,
  "positive_definite_G": true,
  "sample_size": 2000
}
