{
  "image_stats": {
    "concept-dependency-map.png": {
      "file_size": 78420,
      "height": 705,
      "pixel_std": 26.310824772397794,
      "width": 1073
    },
    "forward-kinematics-checks.png": {
      "file_size": 20543,
      "height": 617,
      "pixel_std": 86.29411649092641,
      "width": 1198
    },
    "forward-kinematics-lab.png": {
      "file_size": 45125,
      "height": 863,
      "pixel_std": 25.206722676262896,
      "width": 844
    }
  },
  "metrics": {
    "manipulability": 0.7561652306408512,
    "rank": 2.0
  }
}