{
  "artifact_stats": {
    "concept-dependency-map.png": {
      "file_size": 78420,
      "height": 705,
      "pixel_std": 26.310824772397794,
      "width": 1073
    },
    "forward-kinematics-checks.png": {
      "file_size": 20543,
      "height": 617,
      "pixel_std": 86.29411649092641,
      "width": 1198
    },
    "forward-kinematics-lab.png": {
      "file_size": 45125,
      "height": 863,
      "pixel_std": 25.206722676262896,
      "width": 844
    }
  },
  "chapter": "chapter-04-forward-kinematics",
  "lab_summary": {
    "max_at_joint_2": -1.5884457237251763,
    "max_manipulability": 0.7998754027495988,
    "min_at_joint_2": -3.141592653589793,
    "min_manipulability": 2.127037566238417e-09,
    "near_singular_ratio": 2.6592111207903797e-09,
    "theme": "kinematics"
  },
  "metrics": {
    "manipulability": 0.7561652306408512,
    "rank": 2.0
  },
  "worked_example": {
    "endpoint": [
      2.041,
      0.2891
    ],
    "jacobian_rank": 2,
    "manipulability": 0.6634786252851155,
    "power_pairing_error": 1.1102230246251565e-16,
    "rotation_log_round_trip": 6.359601310784502e-17
  }
}