absolute_difference,cramer_value,solve_value,unknown
2.7755575615628914e-17,0.030769230769230764,0.030769230769230792,x
3.3306690738754696e-16,0.7384615384615387,0.7384615384615384,y
0.0,-0.6307692307692306,-0.6307692307692306,z
