{
  "alpha": {
    "alpha_range": {
      "max": 1.0,
      "min": 0.0
    },
    "hidden_blue_leak": 0.24999806022610005,
    "premultiplied_mid_edge_rgb": [
      1.0,
      0.5263231197771587,
      0.5013927576601671
    ],
    "straight_mid_edge_rgb": [
      0.7500019397739,
      0.5388230227884637,
      0.7513908178862672
    ],
    "straight_premul_equivalence_max_error": 0.0
  },
  "applied_lab": {
    "badge_alpha_max": 1.0,
    "badge_alpha_min": 0.0,
    "bytes_if_float32_rgb": 184320,
    "bytes_if_uint8_rgb": 46080,
    "decoded_quantization_max_error_linear": 0.004277277625515108,
    "encoded_max": 1.0,
    "encoded_min": 0.25622572416600603,
    "linear_shape": [
      96,
      160,
      3
    ],
    "saved_dtype": "uint8",
    "saved_shape": [
      96,
      160,
      3
    ]
  },
  "gamma": {
    "code_for_half_intensity": 0.7297400528407231,
    "encoded_monotone": true,
    "gamma": 2.2,
    "half_intensity_residual": 5.551115123125783e-17,
    "roundtrip_max_error": 1.1102230246251565e-16
  },
  "pixel_coordinates": {
    "bottom_left_center": [
      0,
      0
    ],
    "domain_x": [
      -0.5,
      3.5
    ],
    "domain_y": [
      -0.5,
      2.5
    ],
    "nx": 4,
    "ny": 3,
    "sample_range": {
      "max": 0.8568696394873396,
      "min": 0.12842845776737408
    },
    "sample_shape": [
      3,
      4
    ],
    "top_right_center": [
      3,
      2
    ]
  },
  "quantization": {
    "1": {
      "half_step_bound": 0.5,
      "levels": 2,
      "max_abs_error": 0.4990215264187867,
      "unique_values": 2
    },
    "2": {
      "half_step_bound": 0.16666666666666666,
      "levels": 4,
      "max_abs_error": 0.16634050880626228,
      "unique_values": 4
    },
    "4": {
      "half_step_bound": 0.03333333333333333,
      "levels": 16,
      "max_abs_error": 0.0332681017612525,
      "unique_values": 16
    },
    "8": {
      "half_step_bound": 0.00196078431372549,
      "levels": 256,
      "max_abs_error": 0.00195694716242667,
      "unique_values": 256
    }
  },
  "raster_devices": {
    "bayer_sample_counts": {
      "blue": 6144,
      "green": 12288,
      "red": 6144
    },
    "halftone_values": [
      0.0,
      1.0
    ],
    "scene_range": {
      "max": 0.957217740554816,
      "min": 0.100018460265792
    },
    "scene_shape": [
      128,
      192,
      3
    ],
    "ten_megapixel_float_rgb_mib": 114.44
  },
  "rgb_cube": {
    "all_points_in_unit_cube": true,
    "corner_coordinates": {
      "black": [
        0.0,
        0.0,
        0.0
      ],
      "blue": [
        0.0,
        0.0,
        1.0
      ],
      "cyan": [
        0.0,
        1.0,
        1.0
      ],
      "green": [
        0.0,
        1.0,
        0.0
      ],
      "magenta": [
        1.0,
        0.0,
        1.0
      ],
      "red": [
        1.0,
        0.0,
        0.0
      ],
      "white": [
        1.0,
        1.0,
        1.0
      ],
      "yellow": [
        1.0,
        1.0,
        0.0
      ]
    },
    "corner_count": 8,
    "grid_point_count": 216
  }
}