dx,dy,heading_degrees,leg,length,turn_degrees,x,y
1.3144745490424603,0.8213748595614676,32.0,1,1.55,32.0,1.3144745490424603,0.8213748595614676
1.0188105125897962,-0.2540179903796513,-14.0,2,1.05,-46.0,2.3332850616322567,0.5673568691818163
0.9711087304571792,0.9377888001196464,44.00000000000001,3,1.35,58.00000000000001,3.304393792089436,1.5051456693014627
0.3660629787682203,0.8221909118783409,66.0,4,0.9,22.0,3.670456770857656,2.3273365811798037
1.1883216824898843,-0.16700772115207868,-7.999999999999998,5,1.2,-74.0,4.85877845334754,2.160328860027725
0.7361215932167728,0.425,30.000000000000004,6,0.85,38.0,5.594900046564312,2.5853288600277247
