{
  "source_span": "printed pp. 51-80; physical DjVu pp. 60-89",
  "pythagorean_lhs": 0.0985872061315432,
  "pythagorean_rhs": 0.09858720613154318,
  "pythagorean_error": 2.7755575615628914e-17,
  "third_order_remainders": [
    2.0998465720140774e-09,
    1.6798943327112764e-08,
    1.3439700945671804e-07,
    4.53620640399402e-07
  ],
  "artifact_sizes": {
    "artifacts/chapter-03/figures/kl-divergence-contours-simplex.png": 50786,
    "artifacts/chapter-03/figures/dual-coordinate-grids-simplex.png": 99533,
    "artifacts/chapter-03/figures/pythagorean-independence-projection.png": 59350,
    "artifacts/chapter-03/figures/divergence-third-order-asymmetry.png": 63850,
    "artifacts/chapter-03/checks/final_sanity.json": 350
  }
}