{
  "matrix_residual": 0.0,
  "noncommuting_residual": 1.902113032590307,
  "reverse_is_inverse_residual": 0.0,
  "theta_radians": 0.6283185307179586
}