{
  "base_residual_abs_max_inner": 2.6901726382089208e-05,
  "lower_like_residual_median": -0.057989469245564695,
  "nonexpanding_base_max_slope": 0.8458396388001789,
  "source_sections": [
    "4.4 Analysis of Distance Functions"
  ],
  "symbolic_E_residual": "0",
  "upper_like_residual_median": 0.055972781865349375
}