{
  "alpha_radians": 1.8788491078186729,
  "largest_step_residual": 0.20320952304487444,
  "residual_decreases": true,
  "smallest_step_residual": 3.933269303757481e-06,
  "source_sections": [
    "4.5 The First Variation Formula"
  ],
  "target_derivative": 0.3032036572769468
}