{
  "action_gap_detour_minus_great": 1.4956618727695874,
  "detour": {
    "action": 3.058159607495353,
    "length": 1.6836937871822348,
    "speed_variation": 1.3461612754758416,
    "sphere_residual": 2.220446049250313e-16
  },
  "great_circle": {
    "action": 1.5624977347257656,
    "length": 1.2499990938899774,
    "speed_variation": 6.804345322741767e-07,
    "sphere_residual": 1.1102230246251565e-16
  },
  "length_gap_detour_minus_great": 0.4336946932922574
}