{
  "action_at_stationary_path": -0.15296166757227742,
  "central_first_variation": 1.0220380097791804e-06,
  "endpoint_end": 0.85,
  "endpoint_start": 0.2,
  "interval_length": 1.1,
  "max_perturbed_el_residual": 2.910014033462984,
  "max_true_el_residual": 0.0,
  "minimum_sample_epsilon": 0.0,
  "omega": 1.3,
  "second_variation_exact": 3.5566838186769796,
  "second_variation_fit": 3.5566838186769774
}