{
  "Q_at_long_interval": -1.5475565141300922,
  "Q_at_short_interval": 4.089802200544679,
  "omega": 1.3,
  "threshold_pi_over_omega": 2.41660973353061,
  "wirtinger_ratio_first_mode_T_1": 9.869604401089358
}