{
  "covariance_trace_ratio_near_to_well": 52731.843898029845,
  "max_covariance_min_eigenvalue_defect": 0.0,
  "monte_carlo_trials_per_layout": 520,
  "near_collinear_median_training_residual": 1.6426391281118367,
  "near_collinear_probe_covariance_trace": 918032.8246696782,
  "probe_true_x": 1561.2963832785344,
  "probe_true_y": 1042.2733677782996,
  "well_spread_median_training_residual": 1.5913822358240348,
  "well_spread_probe_covariance_trace": 17.40945805811235
}
