{
  "estimation_ratio_max": 0.9985793777960964,
  "estimation_ratio_min": 0.9548820392467713,
  "mean_pythagorean_gap_max": 0.009922815781459463,
  "opencv_dlt_noiseless_reprojection_rms_difference": 8.904502066549193e-06,
  "residual_ratio_max": 0.9902973380775859,
  "residual_ratio_min": 0.9601946497340618,
  "source_correspondence_count": 12,
  "trial_count": 1800,
  "trials_per_noise_level": 360
}
