{
  "homography_covariance_min_eigenvalue": -1.3900091192408058e-16,
  "information_rank": 8,
  "probe_rms_max": 18.02775637731995,
  "probe_rms_min": 1.0,
  "probe_trace_after_adding_source_point_noise": 26.125000000000007,
  "probe_trace_from_homography_covariance": 26.000000000000007,
  "radial_formula_max_abs_error": 3.552713678800501e-15
}
