{
  "artifact_stats": {
    "concept-dependency-map.png": {
      "file_size": 105861,
      "height": 705,
      "pixel_std": 29.933624793092427,
      "width": 1073
    },
    "rotation-representations-checks.png": {
      "file_size": 27162,
      "height": 617,
      "pixel_std": 82.68973621942135,
      "width": 1331
    },
    "rotation-representations-lab.png": {
      "file_size": 64484,
      "height": 641,
      "pixel_std": 27.668222166595157,
      "width": 1326
    }
  },
  "chapter": "appendix-b-other-representations-of-rotations",
  "lab_summary": {
    "angle_stop_fraction_of_pi": 0.985,
    "cayley_norm_near_pi": 42.4334638855053,
    "max_quaternion_matrix_residual": 9.930136612989092e-16,
    "max_vector_length_error": 4.440892098500626e-16,
    "quaternion_scalar_near_pi": 0.023559764833610303
  },
  "metrics": {
    "inertia_growth": 3.803921568627451,
    "max_cayley_norm_clipped": 8.0
  },
  "worked_example": {
    "angle_radians": 1.35,
    "cayley_matrix_error": 1.4054472239156328e-16,
    "cayley_norm": 0.8004249428306757,
    "determinant_error": 0.0,
    "orthogonality_residual": 2.5332556714301483e-16,
    "quat_matrix_error": 2.220446049250313e-16,
    "quat_sign_matrix_error": 0.0,
    "quaternion_norm": 1.0,
    "rotated_probe_difference": 7.850462293418876e-17
  }
}