{
  "artifact": "figures/oriented-area-green-computation.png",
  "green_area": 3.2239844391809473,
  "green_minus_shoelace": -0.0017965405613251662,
  "polygon_area": 3.2257809797422654,
  "reverse_orientation_area": -3.2239844391809473,
  "shoelace_area": 3.2257809797422725,
  "shoelace_minus_polygon_abs": 7.105427357601002e-15
}