{
  "artifact": "figures/isoperimetric-roundness-deficit.png",
  "deficit_grid_max": 2.118786341092512,
  "deficit_grid_min": 1.6785075303005215e-06,
  "interactive_artifact": "interactive/roundness-deficit-family.html",
  "max_quotient": 0.9999983214952863,
  "min_deficit": 1.6785075309666553e-06,
  "shape_metrics": [
    {
      "area": 3.141592653589791,
      "convexity_area_ratio": 0.9999999999999994,
      "isoperimetric_quotient": 0.9999983214952863,
      "length": 6.2831905803643,
      "roundness_deficit": 1.6785075309666553e-06,
      "shape": "circle",
      "signed_area": 3.141592653589791
    },
    {
      "area": 3.141592653589794,
      "convexity_area_ratio": 1.0,
      "isoperimetric_quotient": 0.9778478933986606,
      "length": 6.353956190558021,
      "roundness_deficit": 0.022653939074661622,
      "shape": "convex support oval",
      "signed_area": 3.141592653589794
    },
    {
      "area": 3.1415926535897927,
      "convexity_area_ratio": 0.9999999999999993,
      "isoperimetric_quotient": 0.7838759166170314,
      "length": 7.0966960934922945,
      "roundness_deficit": 0.27571211055404543,
      "shape": "ellipse",
      "signed_area": 3.1415926535897927
    },
    {
      "area": 3.1415926535897922,
      "convexity_area_ratio": 0.8923834271448706,
      "isoperimetric_quotient": 0.7437815336946627,
      "length": 7.28546326168865,
      "roundness_deficit": 0.3444808114993081,
      "shape": "radial ripple",
      "signed_area": 3.1415926535897922
    }
  ]
}