{
  "all_perturbed_positive": true,
  "artifact": "figures/isoperimetric-proof-decomposition.png",
  "cases": [
    {
      "I": -2.0211624295329855e-06,
      "angular": 0.0,
      "label": "circle equality",
      "radial": -2.0211624295329855e-06
    },
    {
      "I": 0.1520490593503821,
      "angular": 0.0,
      "label": "radial perturbation",
      "radial": 0.1520490593503821
    },
    {
      "I": 0.10178558081387977,
      "angular": 0.1017876019763093,
      "label": "angular speed perturbation",
      "radial": -2.0211624295329855e-06
    },
    {
      "I": 0.26542815008587445,
      "angular": 0.03641239405806668,
      "label": "both perturbations",
      "radial": 0.22901575602780777
    }
  ],
  "equality_case_abs_I": 2.0211624295329855e-06
}