{
  "artifact_stats": {
    "concept-dependency-map.png": {
      "file_size": 80766,
      "height": 705,
      "pixel_std": 25.50850389016804,
      "width": 1073
    },
    "rigid-body-motion-checks.png": {
      "file_size": 21217,
      "height": 617,
      "pixel_std": 81.84179994981163,
      "width": 1172
    },
    "rigid-body-motion-lab.png": {
      "file_size": 121605,
      "height": 735,
      "pixel_std": 36.94038758911667,
      "width": 726
    }
  },
  "chapter": "chapter-03-rigid-body-motions",
  "lab_summary": {
    "final_translation_norm": 0.7843781117817898,
    "max_rotation_residual": 8.881784197001252e-15,
    "screw_path_length": 1.1041644704858828,
    "theme": "rigid"
  },
  "metrics": {
    "axis_norm": 1.0,
    "path_length": 3.339388196410325
  },
  "worked_example": {
    "adjoint_shape": [
      6,
      6
    ],
    "distance_preservation_error": 1.1102230246251565e-16,
    "power_pairing_error": 1.3877787807814457e-17,
    "rotation_log_round_trip": 6.359601310784502e-17,
    "screw_log_round_trip": 1.1857187100668868e-16
  }
}