{
  "circular_circular": {
    "embedded_chi2_reference_p_value": 2.4514022355351444e-35,
    "embedded_r2": 1.7528769293769102,
    "max_abs_residual_le_pi": true,
    "mean_abs_residual_radians": 0.2816615981433391,
    "negative_rotation_strength": 0.004967377937919117,
    "null_comparison": {
      "null_mean": 0.010186225865054056,
      "null_q95": 0.03167158332679115,
      "observed": 0.8750788479673208,
      "observed_gt_null_q95": true,
      "permutation_p_value": 0.001996007984031936
    },
    "positive_rotation_strength": 0.8750788479673208,
    "separate_origin_invariance_abs_error": 2.220446049250313e-16,
    "signed_strength": 0.8701114700294017
  },
  "directional_time_series": {
    "increments_wrapped_to_pi": true,
    "lag_cosine_mean": 0.9602472668525028,
    "lag_resultant": 0.960254289183713,
    "null_comparison": {
      "null_mean": 0.7741249073460765,
      "null_q95": 0.8003592074116195,
      "observed": 0.960254289183713,
      "observed_gt_null_q95": true,
      "permutation_p_value": 0.001996007984031936
    }
  },
  "lab": {
    "noise_sweep_rows": 6
  },
  "linear_circular": {
    "formula_vs_lstsq_abs_error": 2.220446049250313e-16,
    "null_comparison": {
      "null_mean": 0.024946174960201056,
      "null_q95": 0.07552670865784415,
      "observed": 0.9277190063475761,
      "observed_gt_null_q95": true,
      "permutation_p_value": 0.001996007984031936
    },
    "origin_invariance_abs_error": 1.1102230246251565e-16,
    "origin_shifted_r2": 0.9277190063475762,
    "r2_formula": 0.9277190063475759,
    "r2_lstsq": 0.9277190063475761
  },
  "source_span": {
    "pdf_pages": "260-281",
    "printed_pages": "245-266"
  },
  "spherical_spherical": {
    "alignment_null_comparison": {
      "null_mean": 0.12238037744170342,
      "null_q95": 0.18109213434288157,
      "observed": 0.990200004326856,
      "observed_gt_null_q95": true,
      "permutation_p_value": 0.00398406374501992
    },
    "embedded_chi2_reference_p_value": 2.3798086448286765e-64,
    "fit_rotation_det": 0.9999999999999991,
    "fit_rotation_orthogonality_error": 9.924962267154584e-16,
    "mean_angular_residual_radians": 0.1263528083035782,
    "prediction_unit_norm_max_error": 2.220446049250313e-16,
    "residual_tangent_max_abs_dot": 4.132978681514743e-16,
    "separate_rotation_invariance_abs_error": 1.7763568394002505e-15,
    "vector_correlation_null_comparison": {
      "null_mean": 0.081820773444576,
      "null_q95": 0.15600164918390969,
      "observed": 2.943094409889227,
      "observed_gt_null_q95": true,
      "permutation_p_value": 0.0024937655860349127
    },
    "vector_correlation_r2": 2.943094409889227
  }
}