{
  "artifact_count": 4,
  "covariance_min_eigenvalue": 0.7859212844189162,
  "homography_reprojection_max_error": 9.42055475210265e-16,
  "line_incidence_residual": 0.0,
  "median_epipolar_sampson_error": 7.559510043684431e-22,
  "mode": "autocalibration",
  "rank_estimate": 9,
  "seed": 120,
  "smallest_singular_ratio": 0.006929361256445153,
  "title": "Auto-Calibration",
  "triangulation_rmse": 1.4443570596498132e-15
}
