{
  "degeneracy": {
    "general_design_matrix_nullity": 1,
    "general_singular_tail": [
      3.3197687009476655,
      2.4012969587052853,
      1.9595594672160404,
      3.71503188978141e-15
    ],
    "general_tail_candidate_residuals": [
      0.3796783863971998,
      0.30983355634743676,
      6.244752770250552e-16
    ],
    "planar_design_matrix_nullity": 3,
    "planar_singular_tail": [
      2.4275941632351823,
      2.8522908331499294e-15,
      2.3695750933381172e-15,
      1.73200768025295e-15
    ],
    "planar_tail_candidate_residuals": [
      5.933652015403066e-16,
      4.005145550092132e-16,
      3.4362590835148243e-16
    ]
  },
  "normalization": {
    "conditioning_improvement_factor": 118475.36406463895,
    "normalized_design_matrix_condition": 263.46190799347096,
    "raw_design_matrix_condition": 31213745.466690883
  },
  "rank_enforcement": {
    "post_rank_tolerance_1e_minus_10": 2,
    "post_singular_values": [
      0.7152162292058923,
      0.6989032447202577,
      7.042145430106268e-18
    ],
    "post_smallest_singular_value": 7.042145430106268e-18,
    "pre_singular_values": [
      0.7152160566280656,
      0.6989030760786668,
      0.0006946863875366062
    ]
  },
  "ransac": {
    "estimated_inliers": 49,
    "estimated_outliers": 31,
    "median_sampson_inliers": 0.13044456112975727,
    "median_sampson_outliers": 18.337786996249733,
    "median_separation_factor": 140.57916127302974,
    "opencv_method": "cv2.findFundamentalMat with cv2.FM_RANSAC",
    "threshold_pixels": 1.4
  },
  "seed": 11011,
  "source_span": "printed pages 279-309; PDF pages 297-327"
}
