{
  "heat_max": 1.0646085503332225,
  "heat_min": -1.603006785221757,
  "riemann_condition_imaginary_part_positive": true,
  "riemann_condition_matrix": [
    [
      0.72
    ]
  ],
  "sample_grid_shape": [
    150,
    150
  ],
  "tau": {
    "imag": 0.72,
    "real": 0.0
  },
  "theta_z_plus_1_residual": 2.7755575615628914e-17,
  "theta_z_plus_tau_residual": 1.4501059790511035e-14
}