{
  "expected_octant_area": 1.5707963267948966,
  "hyperboloid_distance": 0.5108256237659907,
  "poincare_disk_distance": 0.5108256237659907,
  "spherical_octant_area": 1.5707963267948966,
  "visual_artifact": "artifacts\\chapter-09\\figures\\frenet-helix-frame.png",
  "visual_metrics": {
    "file_size": 121242,
    "height": 748,
    "pixel_std": 30.63785423074616,
    "width": 868
  },
  "visual_title": "Frenet Helix Frame"
}