w_level,section_scale,octahedron_volume
-0.7,0.30000000000000004,0.03600000000000002
0.0,1.0,1.3333333333333333
0.7,0.30000000000000004,0.03600000000000002
