{
  "expected_octant_area": 1.5707963267948966,
  "hyperboloid_distance": 0.5108256237659907,
  "poincare_disk_distance": 0.5108256237659907,
  "spherical_octant_area": 1.5707963267948966,
  "visual_artifact": "artifacts\\chapter-15\\figures\\shape-operator-ellipse.png",
  "visual_metrics": {
    "file_size": 111712,
    "height": 789,
    "pixel_std": 29.76075794712608,
    "width": 823
  },
  "visual_title": "Shape Operator Ellipse"
}