{
  "chapter": 18,
  "chromatic_adaptation": {
    "adaptation_identity_error": 3.644558189087288e-16,
    "quantization_before_adaptation_max_rgb_error": 0.654167872939454,
    "reference_roundtrip_linear_rgb_error": 8.881784197001252e-16,
    "warm_out_of_srgb_gamut_count": 3,
    "white_mapping_error": 2.220446049250313e-16
  },
  "chromaticity": {
    "d65_barycentric_coordinates": [
      0.2119946452476573,
      0.3921508255243195,
      0.3958545292280232
    ],
    "inside_d65_srgb_triangle": true,
    "out_of_srgb_spectral_wavelength_count": 383,
    "sampled_locus_points": 383,
    "spectral_hull_area_uv": 0.21979923051053551,
    "spectral_hull_area_xy": 0.3556843987115268,
    "srgb_area_uv": 0.0648918180133432,
    "srgb_area_xy": 0.11205000000000001
  },
  "lab_deltae": {
    "delta_e_max": 5.657173341373991,
    "delta_e_max_to_min_ratio": 1.392815279530603,
    "delta_e_min": 4.061682424449373,
    "delta_table": "artifacts/chapter-18/tables/lab-deltae-sample-patches.csv",
    "lab_roundtrip_xyz_max_error": 1.1102230246251565e-16
  },
  "rgb_xyz_matrix": {
    "matrix_inverse_residual": 1.3176878864365153e-16,
    "matrix_table": "artifacts/chapter-18/tables/srgb-rgb-to-xyz-matrix.csv",
    "rgb_xyz_roundtrip_error": 2.220446049250313e-16,
    "white_xy_error": 0.0,
    "white_xyz_from_rgb_111": [
      0.9504559270516715,
      0.9999999999999999,
      1.0890577507598784
    ]
  },
  "source_span": {
    "pdf_pages": "520-541",
    "printed_pages": "503-524"
  },
  "spectra": {
    "grassmann_linearity_error": 1.8852829216231156e-13,
    "metamer_relative_residual": 2.4975875457874947e-15,
    "spectrum_a_min": 0.5722567081409738,
    "spectrum_b_min": 0.124558849618013
  },
  "title": "Color",
  "transfer_function": {
    "encoded_mix_luminance_ratio_wrong_over_correct": 0.4280822809644651,
    "last_to_first_decoded_step_ratio": 29.31503084877636,
    "toe_continuity_error": 2.8517309860753848e-08,
    "transfer_monotonic": true,
    "transfer_roundtrip_error": 4.440892098500626e-16
  },
  "xy_reconstruction_error": 0.0
}