{
  "chapter": 18,
  "concept_count": 6,
  "srgb_roundtrip_error": 3.3306690738754696e-16,
  "title": "Color",
  "white_xy_sum": 0.6417497567943357
}