{
  "K_connection_shape_max_difference": 5.541818029577983e-05,
  "K_shape_max": 0.10542079999999998,
  "K_shape_min": -0.040251796458296206,
  "ambient_reconstruction_error": 2.0304417714388973e-17,
  "christoffel_projection_metric_max": 3.7130443279131614e-05,
  "codazzi_residual_max": 3.617797935094065e-05,
  "codazzi_residual_mean": 1.5105439769332065e-05,
  "cylinder_K_from_metric": "0",
  "gauss_equation_residual_max": 6.523617380462614e-05,
  "gauss_equation_residual_mean": 2.2436810871893994e-05,
  "lab_rows": [
    {
      "Codazzi_residual": 1.8014106501106163e-05,
      "Gamma_residual": 1.5406947269345562e-05,
      "Gauss_residual": 2.282312279402306e-05,
      "K_max": 0.02898079999999999,
      "K_min": -0.02078737344713774,
      "amplitude": 0.18
    },
    {
      "Codazzi_residual": 4.1530872661546626e-05,
      "Gamma_residual": 4.417633863639851e-05,
      "Gauss_residual": 7.763247633065884e-05,
      "K_max": 0.10542079999999998,
      "K_min": -0.03673270309551323,
      "amplitude": 0.32
    },
    {
      "Codazzi_residual": 9.472752806239479e-05,
      "Gamma_residual": 0.00010190910196445306,
      "Gauss_residual": 0.00021862120114020094,
      "K_max": 0.2666,
      "K_min": -0.060485857312061235,
      "amplitude": 0.5
    }
  ],
  "metric_compatibility_max": 6.99647329452712e-05,
  "nabla_coefficients": [
    0.16984906637792374,
    -0.1017969039606266
  ],
  "normal_part_norm": 0.08182241424330355,
  "plane_K_from_metric": "0",
  "sphere_K_from_metric": "1",
  "tangent_normal_dot": 0.0,
  "torsion_free_max": 0.0
}