{
  "euler_identity_residual": 1.2246467991473532e-16,
  "homography_angle_error": 1.420710482591403e-06,
  "max_polynomial_residual": 4.74318019856188e-15,
  "table_count": 4,
  "visual_count": 7
}