{
  "A_B_orthogonality_residual": 0.0,
  "A_C_orthogonality_residual": -0.27940000000000004,
  "min_pencil_radius": 0.7141428428542851,
  "pencil_sample_count": 80
}
