{
  "det_u_u_w": 0.0,
  "det_u_v_w": 1.1076249999999999,
  "det_v_u_w": -1.1076249999999999,
  "repeated_direction_zero": true,
  "swap_reverses_sign": true
}