{
  "axial_watson_bingham": {
    "diagnostics": {
      "Bingham-like": {
        "bingham_statistic": 222.07408695543472,
        "eigenvalues_descending": [
          0.787820142189622,
          0.20397061700254968,
          0.008209240807828035
        ],
        "rayleigh_statistic": 2.374026008806869,
        "trace": 0.9999999999999998
      },
      "bipolar Watson-like": {
        "bingham_statistic": 332.6597805888713,
        "eigenvalues_descending": [
          0.90649863185456,
          0.05183081363383744,
          0.04167055451160239
        ],
        "rayleigh_statistic": 0.384053242636863,
        "trace": 0.9999999999999999
      },
      "girdle Watson-like": {
        "bingham_statistic": 109.32024258462965,
        "eigenvalues_descending": [
          0.5243768371090394,
          0.4693385609077504,
          0.006284601983210169
        ],
        "rayleigh_statistic": 1.9700775331631242,
        "trace": 0.9999999999999999
      }
    },
    "sign_symmetry_error_frobenius": 0.0
  },
  "boolean_checks": {
    "axial_sign_symmetry_preserved": true,
    "bingham_detects_axial_girdle": true,
    "bingham_uniform_mean_near_chi2_mean": true,
    "cone_lab_containment_reasonable": true,
    "confidence_cone_threshold_valid": true,
    "fisher_cap_exceeds_uniform_cap_same_angle": true,
    "mle_equation_residual_small": true,
    "rayleigh_detects_fisher_cluster": true,
    "rayleigh_uniform_mean_near_chi2_mean": true,
    "reference_true_pole_inside_cone": true,
    "unit_vectors_on_sphere": true
  },
  "cone_coverage_lab": [
    {
      "empirical_containment_rate": 0.9346153846153846,
      "kappa": 7.0,
      "max_mle_residual": 9.992007221626409e-16,
      "mean_cone_angle_degrees": 7.5494314553399535,
      "median_Rbar": 0.8605298340669829,
      "n": 48,
      "reps": 260
    },
    {
      "empirical_containment_rate": 0.9346153846153846,
      "kappa": 11.0,
      "max_mle_residual": 2.4424906541753444e-15,
      "mean_cone_angle_degrees": 4.943994471065054,
      "median_Rbar": 0.9110180057989663,
      "n": 72,
      "reps": 260
    },
    {
      "empirical_containment_rate": 0.926923076923077,
      "kappa": 17.0,
      "max_mle_residual": 2.220446049250313e-16,
      "mean_cone_angle_degrees": 3.080839120300235,
      "median_Rbar": 0.9425034972409281,
      "n": 120,
      "reps": 260
    }
  ],
  "eda": {
    "Rbar": 0.9054242377465048,
    "cone_angle_degrees": 5.393235899461197,
    "cone_level": 0.95,
    "fitted_vmf_mass_inside_cone": 0.04572970236069547,
    "kappa_hat": 10.573533454351228,
    "mle_equation_residual": 1.1102230246251565e-16,
    "n": 64,
    "true_kappa": 12.0,
    "true_pole_angle_to_mu_hat_degrees": 4.790745253409691,
    "true_pole_inside_reference_cone": true,
    "uniform_mass_inside_same_cap": 0.002213466150003951
  },
  "fisher_mle_and_cap": {
    "A3_at_kappa_hat": 0.9054242377465047,
    "Rbar": 0.9054242377465048,
    "cone_angle_degrees": 5.393235899461197,
    "cone_cosine_threshold": 0.9955730676999921,
    "fitted_vmf_mass_inside_cone": 0.04572970236069547,
    "kappa_hat": 10.573533454351228,
    "mle_equation_residual": 1.1102230246251565e-16,
    "uniform_mass_inside_same_cap": 0.002213466150003951
  },
  "source_span": {
    "pdf": "209-259",
    "printed": "193-244"
  },
  "uniformity_reference": {
    "bingham_chi2_df": 5,
    "bingham_chi2_q95": 11.070497693516351,
    "bingham_girdle_mean": 80.02240903239523,
    "bingham_null_mean": 5.025111789386191,
    "bingham_null_q95": 11.349625210842424,
    "bingham_vmf_mean": 90.03472200584153,
    "rayleigh_chi2_df": 3,
    "rayleigh_chi2_q95": 7.814727903251179,
    "rayleigh_girdle_mean": 3.096065900357444,
    "rayleigh_null_mean": 2.898253299906569,
    "rayleigh_null_q95": 7.48605553512649,
    "rayleigh_vmf_mean": 123.95620301370128
  },
  "unit_norm_error": 2.220446049250313e-16
}