{
  "cone_coverage_lab": [
    {
      "empirical_containment_rate": 0.9346153846153846,
      "kappa": 7.0,
      "max_mle_residual": 9.992007221626409e-16,
      "mean_cone_angle_degrees": 7.5494314553399535,
      "median_Rbar": 0.8605298340669829,
      "n": 48,
      "reps": 260
    },
    {
      "empirical_containment_rate": 0.9346153846153846,
      "kappa": 11.0,
      "max_mle_residual": 2.4424906541753444e-15,
      "mean_cone_angle_degrees": 4.943994471065054,
      "median_Rbar": 0.9110180057989663,
      "n": 72,
      "reps": 260
    },
    {
      "empirical_containment_rate": 0.926923076923077,
      "kappa": 17.0,
      "max_mle_residual": 2.220446049250313e-16,
      "mean_cone_angle_degrees": 3.080839120300235,
      "median_Rbar": 0.9425034972409281,
      "n": 120,
      "reps": 260
    }
  ],
  "source_span": {
    "pdf": "209-259",
    "printed": "193-244"
  }
}