{
  "glide reflection": [
    [
      1.0,
      0.0,
      1.25
    ],
    [
      0.0,
      -1.0,
      0.0
    ],
    [
      0.0,
      0.0,
      1.0
    ]
  ],
  "half-turn": [
    [
      -1.0,
      -0.0,
      1.3
    ],
    [
      0.0,
      -1.0,
      0.4
    ],
    [
      0.0,
      0.0,
      1.0
    ]
  ],
  "identity": [
    [
      1.0,
      0.0,
      0.0
    ],
    [
      0.0,
      1.0,
      0.0
    ],
    [
      0.0,
      0.0,
      1.0
    ]
  ],
  "reflection": [
    [
      0.5591929035,
      0.8290375726,
      0.0052576621
    ],
    [
      0.8290375726,
      -0.5591929035,
      -0.0098882242
    ],
    [
      0.0,
      0.0,
      1.0
    ]
  ],
  "rotation": [
    [
      0.5735764364,
      -0.8191520443,
      0.3753574365
    ],
    [
      0.8191520443,
      0.5735764364,
      -0.2210549268
    ],
    [
      0.0,
      0.0,
      1.0
    ]
  ],
  "translation": [
    [
      1.0,
      0.0,
      1.65
    ],
    [
      0.0,
      1.0,
      0.55
    ],
    [
      0.0,
      0.0,
      1.0
    ]
  ]
}