{
  "artifact_count": 4,
  "artifacts": [
    {
      "bytes": 63318,
      "height": 441,
      "max_channel_stddev": 31.065823551739186,
      "path": "D:/Geometry/Mathematical-Foundations-of-Geometric-Deep-Learning/artifacts/chapter-03/figures/continuity-lipschitz-smoothness-gallery.png",
      "pixel_std": 27.591894656504042,
      "sha256": "8083b214dda11efa1308623bbe1aa368767a692b6c487becb761d918c9ea5296",
      "width": 1472
    },
    {
      "bytes": 82672,
      "height": 557,
      "max_channel_stddev": 88.55518414790475,
      "path": "D:/Geometry/Mathematical-Foundations-of-Geometric-Deep-Learning/artifacts/chapter-03/figures/fields-signals-channels.png",
      "pixel_std": 73.52363421504886,
      "sha256": "ba08875157ad19e77db69d09942981ef267861eef002c67fed80ccac72e6a625",
      "width": 1224
    },
    {
      "bytes": 72241,
      "height": 672,
      "max_channel_stddev": 49.4676722690521,
      "path": "D:/Geometry/Mathematical-Foundations-of-Geometric-Deep-Learning/artifacts/chapter-03/figures/jacobian-local-deformation.png",
      "pixel_std": 38.449885819788136,
      "sha256": "5bf0d10d331bd9c2307d2ef7936472e09f2a78e7bdd1c32a5109e96a4c9843b7",
      "width": 638
    },
    {
      "bytes": 50504,
      "height": 672,
      "max_channel_stddev": 103.73248497724988,
      "path": "D:/Geometry/Mathematical-Foundations-of-Geometric-Deep-Learning/artifacts/chapter-03/figures/loss-landscape-gradient-descent.png",
      "pixel_std": 93.14602636766273,
      "sha256": "fcce1c9d351cc8128e103d4ed57864d91608f16fcee75ead6050715b5aab32bb",
      "width": 758
    }
  ],
  "final_loss": 0.22207564831281024,
  "trajectory_steps": 36
}