{
  "abs_empirical_lipschitz_max": 1.0,
  "artifact_count": 11,
  "backprop_graph_is_dag": true,
  "backprop_max_abs_grad_diff": 1.3877787807814457e-16,
  "central_difference_order_tail": 1.999996746668908,
  "differentiable_not_c1_derivative_std_near_zero": 0.6956347555222171,
  "dirichlet_energy_nonnegative": true,
  "dirichlet_energy_value": 10.595927752279373,
  "divergence_flux_error_square": 2.220446049250313e-16,
  "forward_difference_order_tail": 1.0032889660479207,
  "fubini_iterated_integral_difference": 8.881784197001252e-16,
  "gradient_directional_error": 1.4586942764793775e-12,
  "jacobian_local_order": 2.0368037321691523,
  "jacobian_symbolic_trace": "2",
  "lab_best_fixed_step_loss": 0.81577496146551,
  "lab_unstable_step_count": 0,
  "laplacian_rotation_residual": "0",
  "loss_drop": 0.9369395749346107,
  "loss_final": 0.8157749614656905,
  "loss_initial": 1.7527145364003012,
  "loss_monotone_steps": 85,
  "riemann_sum_error_n10": 0.02499999999999991,
  "root_cusp_slope_growth_1e_minus_6_vs_1e_minus_2": 100.00000000000001,
  "scalar_field_max": 1.3208265288234167,
  "scalar_field_min": -0.8850803328597943,
  "signal_channel_count": 3,
  "vector_field_speed_max": 2.9154759474226504
}