{
  "area_residual": 1.7763568394002505e-15,
  "piece_count_from_triangulation": 8,
  "polygon_area": 11.335,
  "sum_triangle_areas": 11.334999999999999,
  "sum_unit_rectangle_areas": 11.334999999999999
}