q,s_p(q),distance_to_p,reflected_distance_to_p,s_p_squared_q
"(0.35, 0.22)","(-0.35, -0.22)",0.413401,0.413401,"(0.35, 0.22)"
"(0.62, -0.18)","(-0.62, 0.18)",0.6456,0.6456,"(0.62, -0.18)"
"(-0.18, 0.55)","(0.18, -0.55)",0.578705,0.578705,"(-0.18, 0.55)"
"(-0.46, -0.36)","(0.46, 0.36)",0.584123,0.584123,"(-0.46, -0.36)"
