{
  "impact_values": [
    -0.75,
    -0.5,
    -0.25,
    0.0,
    0.25,
    0.5,
    0.75
  ],
  "max_angle_residual": 3.3306690738754696e-16,
  "max_speed_residual": 2.220446049250313e-16,
  "outgoing_angle_increases_with_impact_height": false,
  "outgoing_angles": [
    -1.4454684956268313,
    -2.0943951023931957,
    -2.636232143305636,
    3.141592653589793,
    2.636232143305636,
    2.0943951023931957,
    1.4454684956268313
  ],
  "reflection_law_checks_pass": true
}
