{
  "all_cat0_inequalities_pass": true,
  "minimum_slack": 0.9243993572780753,
  "sample_count": 3,
  "samples": [
    {
      "comparison_distance": 1.1032961977637736,
      "s_on_AC": 0.35,
      "slack": 1.0922262199679735,
      "t_on_AB": 0.25,
      "tree_distance": 0.011069977795800101
    },
    {
      "comparison_distance": 1.9391235133430773,
      "s_on_AC": 0.6,
      "slack": 1.4029743149374105,
      "t_on_AB": 0.45,
      "tree_distance": 0.5361491984056668
    },
    {
      "comparison_distance": 2.568890811225732,
      "s_on_AC": 0.4,
      "slack": 0.9243993572780753,
      "t_on_AB": 0.7,
      "tree_distance": 1.6444914539476567
    }
  ],
  "side_lengths": {
    "AB": 4.0,
    "AC": 2.8887713651308577,
    "BC": 3.8916577444580094
  },
  "tripod_branch_lengths": {
    "A": 1.498556810336424,
    "B": 2.5014431896635756,
    "C": 1.3902145547944338
  }
}
