{
  "convexity_sample_distances": [
    2.23606797749979,
    2.0854016399725017,
    1.937937047481161,
    1.7944637081869335,
    1.6560193235587561,
    1.523975065412817,
    1.4001428498549708,
    1.2868954891520907,
    1.1872657663724664,
    1.104943437466371,
    1.044030650891055,
    1.0084145972763385,
    1.0007996802557444,
    1.0218121158021176,
    1.0697663296253066,
    1.1412712210513327,
    1.2322337440599493,
    1.3386933928274989,
    1.4572576985557497,
    1.5852129194527782,
    1.7204650534085253
  ],
  "euclidean_convexity_shadow_pass": true,
  "minimum_discrete_second_difference": 0.00320174503594739,
  "proof_graph_edges": 11,
  "proof_graph_nodes": 12
}
