{
  "checks": [
    {
      "bracket": 1.6375,
      "case": "positive order",
      "matches": true,
      "twice_area": 1.6375
    },
    {
      "bracket": -1.6374999999999997,
      "case": "swapped order",
      "matches": true,
      "twice_area": -1.6374999999999997
    },
    {
      "bracket": -0.007499999999999924,
      "case": "collinear",
      "matches": true,
      "twice_area": -0.007499999999999924
    }
  ]
}