{
  "line_incidence_a": -1.1102230246251565e-16,
  "line_incidence_b": 1.1102230246251565e-16,
  "negative_side_bracket": -1.7199178032685167,
  "on_line_bracket": -2.012279232133103e-17,
  "positive_side_bracket": 1.7199178032685167,
  "table": "artifacts/chapter-06-determinants/tables/collinearity-determinant-sweep.csv"
}