{
  "area_relation_sum": 4.440892098500626e-16,
  "common_x_max_abs_residual": 1.6370904631912708e-11,
  "gp2_symbolic_zero": true,
  "gp3_max_abs_integer_residual": 5.4569682106375694e-12
}