{
  "common_factor": 1.9419426016416639,
  "det_T": 1.461136,
  "lambda_product": 0.9096097499999999,
  "q_original": -11.928479,
  "q_predicted": -23.16442154288795,
  "q_transformed": -23.164421542887943,
  "scaling_residual": 7.105427357601002e-15,
  "table": "artifacts/chapter-06-determinants/tables/bracket-invariant-scaling-table.csv"
}