{
  "l1_incidence_intersection": -3.3306690738754696e-16,
  "l2_incidence_intersection": 8.881784197001252e-16,
  "mu_coeff_l1": 4.314,
  "mu_coeff_l2": -2.452,
  "mu_incidence_intersection": 0.0,
  "mu_incidence_q": -8.881784197001252e-16
}