{
  "expected_octant_area": 1.5707963267948966,
  "hyperboloid_distance": 0.5108256237659907,
  "poincare_disk_distance": 0.5108256237659907,
  "spherical_octant_area": 1.5707963267948966,
  "visual_artifact": "artifacts\\chapter-32\\figures\\one-form-measuring-grid.png",
  "visual_metrics": {
    "file_size": 45405,
    "height": 748,
    "pixel_std": 20.24139955705372,
    "width": 846
  },
  "visual_title": "One-Form Measuring Grid"
}