{
  "artifact_count": 4,
  "covariance_min_eigenvalue": 0.9202433512457718,
  "homography_reprojection_max_error": 9.42055475210265e-16,
  "line_incidence_residual": 0.0,
  "median_epipolar_sampson_error": 7.559510043684431e-22,
  "mode": "tensor",
  "rank_estimate": 9,
  "seed": 202,
  "smallest_singular_ratio": 0.02734056903018541,
  "title": "Tensor Notation",
  "triangulation_rmse": 1.4443570596498132e-15
}
