{
  "checks": {
    "basis_independent": true,
    "partial_u_tangent": true,
    "partial_w_tangent": true
  },
  "gram_determinant": 0.833731412920654,
  "gram_matrix": [
    [
      0.8337314129206541,
      2.7755575615628914e-17
    ],
    [
      2.7755575615628914e-17,
      0.9999999999999999
    ]
  ],
  "normal_dot_partial_u": 0.0,
  "normal_dot_partial_w": 0.0,
  "point": [
    0.6026233113001019,
    0.6859858290069515,
    0.40776045305957015
  ]
}
