{
  "base_dimension": 1,
  "checks": {
    "dimension_adds_base_plus_fiber": true,
    "projection_forgets_velocity": true,
    "zero_section_projects_to_base": true
  },
  "fiber_dimension": 1,
  "local_dimension": 2,
  "model": "TS^1 represented by (theta, velocity coefficient)",
  "projection_of_sample": [
    0.6216099682706644,
    0.7833269096274834,
    0.0
  ],
  "sample_bundle_point": [
    0.6216099682706644,
    0.7833269096274834,
    0.95
  ],
  "zero_section_sample": [
    0.6216099682706644,
    0.7833269096274834,
    0.0
  ]
}
