{
  "artifact_count": 4,
  "artifacts": [
    {
      "bytes": 51091,
      "height": 419,
      "max_channel_stddev": 36.58466950523434,
      "path": "D:/Geometry/Mathematical-Foundations-of-Geometric-Deep-Learning/artifacts/chapter-06/figures/eigen-directions-stretch-sign.png",
      "pixel_std": 32.883457380704755,
      "sha256": "490349e4666056a7d69de7801ff94c1c48e59696b415ba595550f1d39a545e9e",
      "width": 676
    },
    {
      "bytes": 83184,
      "height": 788,
      "max_channel_stddev": 32.40923293178524,
      "path": "D:/Geometry/Mathematical-Foundations-of-Geometric-Deep-Learning/artifacts/chapter-06/figures/periodic-laplacian-eigenmodes.png",
      "pixel_std": 26.43147673706844,
      "sha256": "a4402f5e17febc000baed600424839a0552a0c687a8da51665fd61239279e7e8",
      "width": 1005
    },
    {
      "bytes": 23278,
      "height": 557,
      "max_channel_stddev": 120.25059878664977,
      "path": "D:/Geometry/Mathematical-Foundations-of-Geometric-Deep-Learning/artifacts/chapter-06/figures/fourier-gram-kronecker-delta.png",
      "pixel_std": 100.79056112567497,
      "sha256": "a6f2b8c2074f6d06d8b77ca2760efbf3a8ca9c85de5dc5fcbd1d2332d8a5ec9d",
      "width": 633
    },
    {
      "bytes": 98507,
      "height": 585,
      "max_channel_stddev": 34.97551868963684,
      "path": "D:/Geometry/Mathematical-Foundations-of-Geometric-Deep-Learning/artifacts/chapter-06/figures/heat-equation-mode-decay.png",
      "pixel_std": 33.163270187226765,
      "sha256": "3b7c5687974cc1d28f1dfb7996219f8368a05bd5fd9d26603e855f23c47dd6e5",
      "width": 1025
    }
  ],
  "eigen_residual": 1.1102230246251565e-16,
  "gram_trace": 11.0
}