{
  "eigen_directions": {
    "eigenvalues": [
      -0.7020815280171308,
      1.7020815280171309
    ],
    "has_negative_eigenvalue": true,
    "max_residual": 1.1102230246251565e-16
  },
  "fourier_gram": {
    "dominant_frequencies": [
      -5,
      -3,
      -2,
      2,
      3,
      5
    ],
    "gram_identity_residual": 9.547802781560377e-16,
    "reconstruction_error": 1.7336808068517413e-16
  },
  "graph_heat_lab": {
    "dirichlet_energy_noisy": 16.63916354843274,
    "dirichlet_energy_smoothed": 2.0806245829483054,
    "energy_drop": 14.558538965484436,
    "mean_deviation": 6.167905692361981e-17,
    "mean_noisy": 4.3175339846533866e-17,
    "mean_smoothed": 1.0485439677015367e-16,
    "time": 0.38
  },
  "graph_laplacian_bridge": {
    "constant_mode_residual": 0.0,
    "cycle_formula_max_error": 4.218847493575595e-15,
    "orthonormality_residual": 5.8158403668077625e-15,
    "symmetry_residual": 0.0,
    "zero_eigenvalue": -1.9120518543201207e-16
  },
  "heat_flow": {
    "energies": [
      0.5761,
      0.5370052196694992,
      0.486453815577481,
      0.4051610080745606
    ],
    "energy_nonincreasing": true,
    "mean_max_deviation": 1.1102230246251565e-16,
    "means": [
      0.35,
      0.35,
      0.3499999999999999,
      0.34999999999999987
    ],
    "mode_decay": {
      "0": [
        1.0,
        1.0,
        1.0,
        1.0
      ],
      "1": [
        1.0,
        0.9851119396030626,
        0.9417645335842487,
        0.835270211411272
      ],
      "4": [
        1.0,
        0.7866278610665535,
        0.38289288597511206,
        0.056134762834133725
      ],
      "9": [
        1.0,
        0.2967100142940453,
        0.007750483891136699,
        4.6557157157830866e-07
      ]
    }
  },
  "parseval": {
    "energy_coefficients": 30.87679999999997,
    "energy_gap": 2.4868995751603507e-14,
    "energy_signal": 30.876799999999996,
    "partial_reconstruction_errors": [
      0.40066790543108644,
      0.18324467026983124,
      5.514149224908101e-15,
      6.792174495089823e-15,
      6.8954437129162626e-15,
      7.148277737700943e-15
    ],
    "reconstruction_error": 7.148277737700943e-15,
    "unitary_residual": 7.169895842827217e-14
  },
  "periodic_laplacian": {
    "low_frequency_lambda_error_n1": 0.00020078148840629861,
    "max_mode_residual": 1.0525781036396228e-12,
    "mode_rows": [
      {
        "continuous_lambda": 0.0,
        "discrete_lambda": 0.0,
        "n": 0,
        "residual": 0.0
      },
      {
        "continuous_lambda": -1.0,
        "discrete_lambda": -0.9997992185115937,
        "n": 1,
        "residual": 1.9434699317417469e-13
      },
      {
        "continuous_lambda": -4.0,
        "discrete_lambda": -3.996788270156917,
        "n": 2,
        "residual": 3.6548719930920936e-13
      },
      {
        "continuous_lambda": -9.0,
        "discrete_lambda": -8.98374714580536,
        "n": 3,
        "residual": 6.535099250512592e-13
      },
      {
        "continuous_lambda": -16.0,
        "discrete_lambda": -15.948661824719405,
        "n": 4,
        "residual": 7.260413454812706e-13
      },
      {
        "continuous_lambda": -25.0,
        "discrete_lambda": -24.87475321738307,
        "n": 5,
        "residual": 1.0525781036396228e-12
      }
    ]
  },
  "removed_stale_artifacts": [],
  "self_adjoint_spectrum": {
    "eigenvalues": [
      1.077796813059876,
      1.8199758084301065,
      3.6022273785100163
    ],
    "gram_identity_residual": 6.86985540511656e-16,
    "hermitian_residual": 0.0,
    "max_imaginary_eigenvalue": 0.0
  },
  "source_span_read": "PDF physical pages 55-64",
  "svd": {
    "direction_residual": 3.0436364816617974e-16,
    "reconstruction_residual": 3.510833468576701e-16,
    "rotation_eigenvalues_abs": [
      0.9999999999999999,
      0.9999999999999999
    ],
    "rotation_singular_values": [
      1.0,
      0.9999999999999999
    ],
    "singular_values": [
      1.5809575813817711,
      0.5550433549476118
    ]
  }
}