base_vertex_count_reused,det_model_linear,name,rotation_y_degrees,sx,sy,sz,tx,ty,tz
162,1.0,sphere-left,0,1.0,1.0,1.0,-1.35,0.0,0.0
162,0.5458479999999999,ellipsoid-tall,18,0.62,1.42,0.62,-0.42,0.18,0.05
162,0.5927039999999998,sphere-center,-25,0.84,0.84,0.84,0.55,-0.03,-0.05
162,0.5788160000000001,ellipsoid-wide,36,1.36,0.56,0.76,1.55,0.02,0.02
162,0.09733600000000002,small-sphere,0,0.46,0.46,0.46,0.08,0.88,-0.3
162,0.39312,tilted-ellipsoid,-42,0.48,0.78,1.05,1.02,0.82,-0.22
