{
  "models": [
    {
      "max_momentum_drift": 2.0586865545624278e-12,
      "max_speed2_drift": 2.928102205146388e-12,
      "model": "sphere",
      "momentum_initial": 0.5508976940468687,
      "samples": 146,
      "speed2_initial": 1.0
    },
    {
      "max_momentum_drift": 2.694511280765255e-13,
      "max_speed2_drift": 8.648637361829969e-13,
      "model": "plane",
      "momentum_initial": 0.6329514772803693,
      "samples": 146,
      "speed2_initial": 1.0
    },
    {
      "max_momentum_drift": 1.5717538381920804e-11,
      "max_speed2_drift": 9.85878045867139e-13,
      "model": "hyperbolic",
      "momentum_initial": 0.7219280866555523,
      "samples": 146,
      "speed2_initial": 1.0
    }
  ],
  "source_span": {
    "inspection_method": "temporary rendered page images from the scanned PDF",
    "pdf_pages": "384-396",
    "printed_pages": "366-378",
    "source_map": "pdf_page = printed_page + 18"
  }
}