{
  "rows": [
    {
      "A_rad": 1.5707963267948966,
      "B_rad": 1.5707963267948966,
      "C_rad": 1.5707963267948966,
      "angle_sum_minus_pi": 1.5707963267948966,
      "area": 1.5707963267948966,
      "model": "unit sphere octant",
      "signed_integral_K_dS": 1.5707963267948966
    },
    {
      "A_rad": 1.0471975511965976,
      "B_rad": 0.7853981633974483,
      "C_rad": 0.6283185307179586,
      "angle_sum_minus_pi": -0.6806784082777888,
      "area": 0.6806784082777888,
      "model": "hyperbolic K=-1 example",
      "signed_integral_K_dS": -0.6806784082777888
    }
  ],
  "source_span": {
    "inspection_method": "temporary rendered page images from the scanned PDF",
    "pdf_pages": "384-396",
    "printed_pages": "366-378",
    "source_map": "pdf_page = printed_page + 18"
  }
}