{
  "commutator_formula": "-0.9999e1 + 0.359388e2",
  "error_norm": 1.338994521411527e-10,
  "finite_difference": "-0.9999e1 + 0.359388e2",
  "t0": 1.2,
  "theta": 0.904,
  "theta_dot": 0.84
}