{
  "implicit_roots": {
    "finite cone": {
      "accepted_nonnegative_roots": [
        0.7800747940544784,
        1.54830663180904
      ],
      "all_real_roots": [
        0.7800747940544784,
        1.54830663180904
      ],
      "degree": 2,
      "max_root_residual": 2.220446049250313e-16
    },
    "finite cylinder": {
      "accepted_nonnegative_roots": [
        0.7376779822674908,
        2.21589287454516
      ],
      "all_real_roots": [
        0.7376779822674908,
        2.21589287454516
      ],
      "degree": 2,
      "max_root_residual": 6.661338147750939e-16
    },
    "sphere": {
      "accepted_nonnegative_roots": [
        0.7439748063803028,
        2.7084250470841584
      ],
      "all_real_roots": [
        0.7439748063803028,
        2.7084250470841584
      ],
      "degree": 2,
      "max_root_residual": 4.440892098500626e-16
    },
    "torus": {
      "accepted_nonnegative_roots": [
        0.7412334357579426,
        1.3710246619775595,
        3.028975338022428,
        3.658766564242068
      ],
      "all_real_roots": [
        0.7412334357579426,
        1.3710246619775595,
        3.028975338022428,
        3.658766564242068
      ],
      "degree": 4,
      "max_root_residual": 1.7763568394002505e-14
    }
  },
  "line_plane": {
    "denominator": 0.550188510015321,
    "plane_residual": 2.7755575615628914e-17,
    "status": "point",
    "t": 1.5916690721358797
  },
  "polyhedron_section": {
    "edge_count_checked": 12,
    "max_plane_residual": 9.71445146547012e-17,
    "vertex_count": 6
  },
  "ray_triangle": {
    "barycentric": [
      0.22,
      0.36,
      0.42
    ],
    "barycentric_sum_error": 0.0,
    "hit": true,
    "point_residual": 2.830524433501838e-16,
    "t": 2.25
  },
  "sat": {
    "overlap_intersects": true,
    "separated_intersects": false,
    "separating_axis": "A0",
    "separating_gap": 0.1522603382717005,
    "swap_intersects_matches": true,
    "tested_axis_count": 15
  },
  "slab_box": {
    "enter_axis": "x",
    "entry_inside": true,
    "exit_axis": "x",
    "exit_inside": true,
    "hit": true,
    "t_enter": 0.8846536045255228,
    "t_exit": 2.9661914975267525
  },
  "slab_sweep": {
    "max_interval_length": 2.0571825392998067,
    "min_interval_length": 0.41143650785996133,
    "sample_count": 81,
    "valid_count": 81
  },
  "source_span": {
    "pdf": "528-709",
    "printed": "481-662"
  },
  "storyboard_edges": 15,
  "storyboard_nodes": 16,
  "symbolic_degrees": {
    "cone": 2,
    "sphere": 2,
    "torus": 4
  }
}