{
  "area_scale": 1.054496,
  "finite_difference_residual": 3.5000008990483706e-06,
  "jacobian": [
    [
      1.0,
      0.0
    ],
    [
      0.0,
      1.0
    ],
    [
      0.2625,
      0.2075
    ]
  ],
  "rank": 2
}
