{
  "critical_angles": [
    1.572367,
    4.71396
  ],
  "critical_values": [
    0.8,
    -1.199998
  ],
  "hessian_second_derivatives": [
    -0.200003,
    1.799995
  ],
  "minimum_gradient_norm_on_regular_circles": 0.848528137423857,
  "nondegenerate": true,
  "regular_values": [
    0.18,
    0.55,
    1.05,
    1.65
  ]
}
