{
  "max_velocity_component": 3.1311423008293686,
  "normal": [
    0.7960837985490559,
    0.6051864057360395,
    0.0
  ],
  "offset": -0.012794292370349875,
  "velocity_error_norm": 9.174167874649378e-10
}