{
  "cga_distance_squared": [
    [
      -0.0,
      2.93,
      5.0,
      7.892499999999999
    ],
    [
      2.93,
      -0.0,
      5.449999999999999,
      2.5625
    ],
    [
      5.0,
      5.449999999999999,
      -0.0,
      3.3125
    ],
    [
      7.8925,
      2.5625,
      3.3124999999999996,
      -8.881784197001252e-16
    ]
  ],
  "euclidean_distance_squared": [
    [
      0.0,
      2.9299999999999997,
      5.0,
      7.892500000000001
    ],
    [
      2.9299999999999997,
      0.0,
      5.450000000000001,
      2.5625
    ],
    [
      5.0,
      5.450000000000001,
      0.0,
      3.3125
    ],
    [
      7.892500000000001,
      2.5625,
      3.3125,
      0.0
    ]
  ],
  "max_abs_residual": 1.7763568394002505e-15
}