{
  "moved_direction": [
    0.2896743546049212,
    0.9433219524724915,
    0.16196438580042485
  ],
  "original_direction": [
    0.8131156281817417,
    0.5285251583181321,
    0.24393468845452249
  ],
  "original_moment": [
    -0.15042639121362222,
    0.37403318896360116,
    -0.3089839387090618
  ],
  "rotation_direction_error": 0.0,
  "translated_direction": [
    0.8131156281817417,
    0.5285251583181321,
    0.24393468845452249
  ],
  "translated_moment": [
    -0.43704965014768615,
    0.5203940020363147,
    0.3293118294136054
  ],
  "translation_direction_error": 0.0
}