{
  "determinant": -1.0,
  "infinity_error": 0.0,
  "metric_error": 1.3087147758658702e-16,
  "round_trip_error": 2.482534153247273e-16,
  "signed_distance_flip_error": 2.220446049250313e-16
}