side,best_rational,distance_to_sqrt2
lower,1.4137931034482758,0.00042045892481934466
upper,1.4142857142857144,7.215191261922271e-05
