{
  "b": 0.18,
  "expected_tangent_angle_degrees": 79.79602627826831,
  "max_angle_spread_degrees": 1.4210854715202004e-14,
  "measured_angle_max_degrees": 79.79602627826833,
  "measured_angle_min_degrees": 79.79602627826831,
  "self_similarity_scales": [
    1.0,
    1.3267645891521904,
    1.760304275028181,
    2.335509378240609
  ]
}