{
  "expected_octant_area": 1.5707963267948966,
  "hyperboloid_distance": 0.5108256237659907,
  "poincare_disk_distance": 0.5108256237659907,
  "spherical_octant_area": 1.5707963267948966,
  "visual_artifact": "artifacts\\chapter-02\\figures\\curvature-detectors.png",
  "visual_metrics": {
    "file_size": 55842,
    "height": 748,
    "pixel_std": 24.256252336232905,
    "width": 977
  },
  "visual_title": "Curvature Detectors"
}