{
  "artifacts": [
    "artifacts/chapter-08/figures/same-center-homography-vs-parallax.png",
    "artifacts/chapter-08/figures/manhattan-vanishing-points-and-horizon.png",
    "artifacts/chapter-08/figures/iac-orthogonal-triad-calibrating-conic.png",
    "artifacts/chapter-08/figures/height-transfer-affine-measurement.png",
    "artifacts/chapter-08/interactive/quadric-contour-generator-scene.html",
    "artifacts/chapter-08/figures/projected-quadric-and-calibrating-conic.png",
    "artifacts/chapter-08/figures/single-view-noise-sensitivity.png"
  ],
  "calibrating_conic_residual": 8.326672684688674e-16,
  "estimated_K_from_vanishing_points": [
    [
      900.0,
      0.0,
      640.0
    ],
    [
      0.0,
      900.0,
      380.0
    ],
    [
      0.0,
      0.0,
      1.0
    ]
  ],
  "focal_error_px": 7.958078640513122e-13,
  "height_2_estimated_m": 1.2500000000000002,
  "height_2_true_m": 1.25,
  "height_ratio_error": 2.220446049250313e-16,
  "height_ratio_estimated": 1.4399999999999997,
  "height_ratio_true": 1.44,
  "horizon_incidence_sum": 0.0,
  "max_iac_orthogonality_residual": 8.326672684688673e-17,
  "max_vanishing_line_incidence": 6.575367479499384e-16,
  "mean_moved_center_parallax_px": 85.7121405290527,
  "noise_lab": [
    {
      "median_focal_error_px": 2.2737367544323206e-13,
      "median_height_error_m": 2.220446049250313e-16,
      "median_principal_point_error_px": 4.547473508864641e-13,
      "p90_focal_error_px": 2.2737367544323206e-13,
      "p90_height_error_m": 2.220446049250313e-16,
      "p90_principal_point_error_px": 4.547473508864641e-13,
      "sigma_px": 0.0,
      "valid_calibration_trials": 180
    },
    {
      "median_focal_error_px": 0.7845785368900806,
      "median_height_error_m": 0.006102800352933313,
      "median_principal_point_error_px": 0.9807907504912596,
      "p90_focal_error_px": 1.8812742789465116,
      "p90_height_error_m": 0.012791549188167405,
      "p90_principal_point_error_px": 1.871958783024424,
      "sigma_px": 0.5,
      "valid_calibration_trials": 180
    },
    {
      "median_focal_error_px": 1.640716658578583,
      "median_height_error_m": 0.009618844614476818,
      "median_principal_point_error_px": 1.8729324895393082,
      "p90_focal_error_px": 4.144064301380138,
      "p90_height_error_m": 0.023463604507017122,
      "p90_principal_point_error_px": 3.8559953771953874,
      "sigma_px": 1.0,
      "valid_calibration_trials": 180
    },
    {
      "median_focal_error_px": 3.6331812435795428,
      "median_height_error_m": 0.019306605400231547,
      "median_principal_point_error_px": 4.160686998365157,
      "p90_focal_error_px": 8.375945391848006,
      "p90_height_error_m": 0.054514187561413165,
      "p90_principal_point_error_px": 8.114419240907996,
      "sigma_px": 2.0,
      "valid_calibration_trials": 180
    },
    {
      "median_focal_error_px": 7.238212114329599,
      "median_height_error_m": 0.037747953919485155,
      "median_principal_point_error_px": 8.212757463001275,
      "p90_focal_error_px": 15.846127201611123,
      "p90_height_error_m": 0.09719388344388834,
      "p90_principal_point_error_px": 15.767110898595192,
      "sigma_px": 4.0,
      "valid_calibration_trials": 180
    },
    {
      "median_focal_error_px": 13.356485761475085,
      "median_height_error_m": 0.08074837191086626,
      "median_principal_point_error_px": 15.14488095610013,
      "p90_focal_error_px": 30.266687975436117,
      "p90_height_error_m": 0.18940900556697285,
      "p90_principal_point_error_px": 30.726980622662268,
      "sigma_px": 8.0,
      "valid_calibration_trials": 180
    }
  ],
  "omega_constraint_rank": 3,
  "orthocenter_error_px": 1.1368683772161603e-13,
  "principal_point_error_px": 8.526512829121202e-13,
  "projected_quadric_conic_residual": 1.0658141036401503e-14,
  "same_center_homography_residual_px": 2.2737367544323206e-13,
  "source_span": "Chapter 08, printed pages 195-236; PDF pages 213-254"
}
