{
  "max_root_residual": 9.65095955404505e-16,
  "root_count": 2,
  "roots": [
    {
      "antipode": 4.712389,
      "f_antipode": -0.0,
      "f_theta": 0.0,
      "residual_abs": 2.4737865342776534e-16,
      "theta": 1.570796
    },
    {
      "antipode": 1.570796,
      "f_antipode": 0.0,
      "f_theta": -0.0,
      "residual_abs": 9.65095955404505e-16,
      "theta": 4.712389
    }
  ]
}
