{
  "artifact_count": 4,
  "artifacts": [
    {
      "bytes": 29623,
      "height": 639,
      "max_channel_stddev": 27.806867675155985,
      "path": "D:/Geometry/Mathematical-Foundations-of-Geometric-Deep-Learning/artifacts/chapter-07/figures/graph-anatomy-neighborhood-subgraph.png",
      "pixel_std": 26.870671506536198,
      "sha256": "fbdfb4a83da65665cbaefb0948e72f4a4fbed26e6709e678aa16b5f3ae313778",
      "width": 727
    },
    {
      "bytes": 44319,
      "height": 512,
      "max_channel_stddev": 60.05029082979267,
      "path": "D:/Geometry/Mathematical-Foundations-of-Geometric-Deep-Learning/artifacts/chapter-07/figures/adjacency-degree-binary-tree.png",
      "pixel_std": 49.84422115281402,
      "sha256": "d8794b67b94f77e8eeeb6a7c375bf252fe4fe2f384f977884c7585e32a39f164",
      "width": 1075
    },
    {
      "bytes": 13138,
      "height": 436,
      "max_channel_stddev": 93.54174056089248,
      "path": "D:/Geometry/Mathematical-Foundations-of-Geometric-Deep-Learning/artifacts/chapter-07/figures/permutation-relabeling-invariants.png",
      "pixel_std": 82.88786237988455,
      "sha256": "81e225e10ba53c022d9809072bb64dfd33e5ee4c46ea8f9a1008a4c2d010236e",
      "width": 1220
    },
    {
      "bytes": 17317,
      "height": 523,
      "max_channel_stddev": 29.490226481353847,
      "path": "D:/Geometry/Mathematical-Foundations-of-Geometric-Deep-Learning/artifacts/chapter-07/figures/message-passing-radius-flow.png",
      "pixel_std": 26.472615085982646,
      "sha256": "b1723f624755b4a41e59e4525ee2eeaa90ed4b5b9e68a81a32a6586a4bd7b9a2",
      "width": 959
    }
  ],
  "permutation_orthogonal": true,
  "permuted_spectrum_invariant": true
}