{
  "sobolev2_rough_partial_sum": 167639.63235561634,
  "sobolev2_smooth_partial_sum": 4.121086050401626,
  "symbol_positive_sample_min_away_from_zero": 0.10203040506070798
}
