case,det_linear_part,signed_volume,volume_ratio_to_original,orientation_class,max_pairwise_distance_error
original frame,1.0,0.22891000000000003,1.0,direct,0.0
direct isometry,1.0000000000000002,0.22891000000000017,1.0000000000000007,direct,4.440892098500626e-16
opposite isometry,-1.0000000000000002,-0.22891000000000003,-1.0,opposite,2.220446049250313e-16
