{
  "a": 0.72,
  "compatibility_defect_norm": 5.822187176818261e-17,
  "metric_eigenvalues": [
    0.49396497727822214,
    2.0244350227217778
  ],
  "minimum_taming_on_unit_circle": 0.4939662322423819,
  "numeric_J_squared_plus_I_norm": 5.822187176818261e-17,
  "passed": true,
  "symbolic_J_squared_plus_I_is_zero": true,
  "symbolic_metric_determinant": "1"
}