{
  "conjugate_strength": 0.18,
  "energy_area_relative_error": 1.0610600039087164e-08,
  "holomorphic_area": 16.39472120650852,
  "holomorphic_energy": 16.39472138046635,
  "holomorphic_mean_residual": 0.0001562500000000114,
  "passed": true,
  "perturbed_mean_residual": 0.2599708600974125,
  "residual_ratio": 1663.8135046233187
}