{
  "fitted_slopes": {
    "1": 0.9999999999999997,
    "2": 1.9999999999999993,
    "4": 3.9999999999999987,
    "7": 6.999999999999996
  },
  "interpretation": "finite-order holomorphic contacts are visible as finite log-log slopes; infinite-order contact is the analytic rigidity case",
  "max_slope_error": 4.440892098500626e-15,
  "orders": [
    1,
    2,
    4,
    7
  ],
  "passed": true
}