triangle,A_degrees,B_degrees,C_degrees,angle_sum_degrees,angular_defect,area_mu_1
nearly Euclidean,62.0,58.00000000000001,55.0,175.0,0.08726646259971638,0.08726646259971638
moderate defect,50.0,47.0,42.0,139.0,0.715584993317675,0.715584993317675
large defect,35.0,29.999999999999996,25.0,90.0,1.5707963267948966,1.5707963267948966
asymptotic-style,55.0,0.0,35.0,90.0,1.5707963267948966,1.5707963267948966
