{
  "expected_ratio_bound_for_dimension_2": 0.6666666666666666,
  "mesh_ratio": 0.5773502691896257,
  "new_mesh": 0.5773502691896257,
  "old_mesh": 1.0,
  "original_chi": 1,
  "original_f_vector": [
    3,
    3,
    1
  ],
  "subdivision_chi": 1,
  "subdivision_f_vector": [
    7,
    12,
    6
  ]
}