{
  "diagonalization_offdiag_max": 5.1015198428423665e-17,
  "eigenvalues": [
    -0.9621129134873937,
    0.8023078786060951,
    2.459805034881299
  ],
  "hyperbolic_paraboloid_residual_max": 2.220446049250313e-16,
  "sample_quadratic_matrix": [
    [
      2.0,
      0.75,
      0.0
    ],
    [
      0.75,
      1.2,
      0.35
    ],
    [
      0.0,
      0.35,
      -0.9
    ]
  ],
  "signature_positive_negative_zero": [
    2,
    1,
    0
  ]
}