{
  "F_t_values_at_sample_point": [
    1.0,
    0.9999999999999073,
    0.999999999999287
  ],
  "axis_squares": [
    1.0,
    2.25,
    4.0
  ],
  "max_off_diagonal_normal_dot_abs": 1.4395274263949683e-13,
  "normal_dot_matrix": [
    [
      1.0,
      -3.5592490274791034e-14,
      -1.4395274263949683e-13
    ],
    [
      -3.5592490274791034e-14,
      1.0,
      -9.175993149703843e-14
    ],
    [
      -1.4395274263949683e-13,
      -9.175993149703843e-14,
      1.0
    ]
  ],
  "parameters_u_v_w": [
    -0.4606689861309917,
    1.572448371332809,
    3.324920614797977
  ],
  "sample_point": [
    0.72,
    0.95,
    1.18
  ]
}