{
  "conchoid_equation": "(x^2 + y^2)(y - b)^2 = d^2 y^2",
  "conchoid_residual": 2.220446049250313e-16,
  "distance_residual": 4.440892098500626e-16,
  "line_substitution_degree": 4,
  "marked_distance": 0.8500000000000004,
  "real_intersections": [
    [
      -0.18408368938033157,
      0.28557070871688395
    ],
    [
      2.8920039523750583,
      1.3622013833312705
    ]
  ],
  "sample_line": "y = 0.35*x + 0.35",
  "selected_A_on_y_equals_b": [
    2.1230370103593987,
    0.9999999999999999
  ],
  "selected_B_on_m": [
    2.8920039523750583,
    1.3622013833312705
  ],
  "trisection_identity_for_x_equals_2cos_u": "0"
}