{
  "connection_component_change_l2": 0.8592126682035618,
  "curvature_max": 4.39822971502571,
  "curvature_min": -3.141592653589793,
  "max_abs_curvature_residual": 0.0
}