{
  "html_file": "artifacts\\lecture-25\\interactive\\lecture-25-gauge-shift-lab.html",
  "max_frame_curvature_residual": 0.0,
  "slider_values": [
    0.0,
    0.16666666666666666,
    0.3333333333333333,
    0.5,
    0.6666666666666666,
    0.8333333333333333,
    1.0
  ]
}