{
  "lab_csv": "artifacts\\chapter-09\\tables\\clairaut-lab.csv",
  "max_clairaut_drift": 2.220446049250313e-16,
  "max_speed2_error": 2.7755575615628914e-14,
  "profile_radius_max_sampled": 1.569774018765191,
  "profile_radius_min_sampled": 0.9300783516354403,
  "rows": [
    {
      "Omega": 0.45,
      "max_clairaut_drift": 5.551115123125783e-17,
      "max_speed2_error": 6.772360450213455e-15,
      "rho_min_on_path": 0.9300029951105668,
      "u_max": 12.07179021872758,
      "u_min": 0.0
    },
    {
      "Omega": 0.93,
      "max_clairaut_drift": 1.1102230246251565e-16,
      "max_speed2_error": 4.218847493575595e-15,
      "rho_min_on_path": 0.9301526871684156,
      "u_max": 4.443856803981819,
      "u_min": 0.0
    },
    {
      "Omega": 1.15,
      "max_clairaut_drift": 2.220446049250313e-16,
      "max_speed2_error": 2.7755575615628914e-14,
      "rho_min_on_path": 1.1500026447462797,
      "u_max": 2.69801618594106,
      "u_min": -0.5746206642868107
    }
  ]
}