{
  "line_to_helix_samples": [
    {
      "max_tangent_acceleration_residual": 2.482534153247273e-16,
      "pitch": 0.0,
      "speed": 1.0
    },
    {
      "max_tangent_acceleration_residual": 2.482534153247273e-16,
      "pitch": 0.26,
      "speed": 1.0332473082471592
    },
    {
      "max_tangent_acceleration_residual": 2.482534153247273e-16,
      "pitch": -0.42,
      "speed": 1.0846197490365
    }
  ],
  "map": "(u,z) -> (cos u, sin u, z)",
  "max_tangent_acceleration_residual": 2.482534153247273e-16
}