{
  "antipodal_spread_at_r_equals_pi": 2.4492935982947064e-16,
  "max_radial_distance_error_before_cut": 7.993605777301127e-15
}