{
  "initial_momentum": 0.7316126419440548,
  "max_momentum_drift": 1.5951462373209324e-11,
  "max_plane_residual": 2.4317866051255683e-11,
  "max_speed2_error": 1.4320655772337432e-11,
  "sample_count": 271
}