{
  "great_circle_max_tangent_acceleration": 2.482534153247273e-16,
  "latitude_expected_tangent_acceleration": 0.6131052132881357,
  "latitude_min_tangent_acceleration": 0.6131052132881356,
  "latitude_theta0_radians": 0.55
}