epsilon,estimated_boundary_tube_area
0.2,2.513669248120328
0.14,1.759679832121054
0.1,1.2562778318760415
0.07,0.8797316509136143
0.05,0.6279687849928721
0.035,0.43955649646562794
