length,max_abs_directional_derivative
0.5,0.31193160651807694
1.0,0.6238632130361539
1.5,0.9357948195542307
