radius,max_abs_remainder_over_radius
0.45,0.15659842750844852
0.25,0.08324760712801105
0.14,0.045195658506429
0.075,0.023725426439901536
0.04,0.012507284034946053
0.02,0.006212405938565979
