n,binary_search_log2_n,sorting_n_log2_n,incremental_hull_quadratic_proxy,bruteforce_2_to_n_display_cap
50,5.643856189774724,282.1928094887362,2500,1125899906842624
500,8.965784284662087,4482.892142331044,250000,too large
5000,12.287712379549449,61438.56189774724,25000000,too large
50000,15.609640474436812,780482.0237218406,2500000000,too large
500000,18.931568569324174,9465784.284662087,250000000000,too large
