{
  "artifact_count": 4,
  "conjugate_rotation_angle_error_radians": 1.1102230246251565e-16,
  "conjugate_rotation_determinant": 1.0000000000000002,
  "elation_axis_fixed_residual": 0.0,
  "elation_axis_vertex_constraint": 0.0,
  "homology_axis_fixed_residual": 2.7755575615628914e-16,
  "homology_collinearity_residual": 4.440892098500626e-16,
  "homology_cross_ratio_spread": 1.7763568394002505e-15,
  "homology_cross_ratio_values": [
    2.176470588235295,
    2.1764705882352944,
    2.176470588235293,
    2.176470588235294
  ],
  "homology_vertex_residual": 2.220446049250313e-16,
  "libraries": [
    "numpy homography/eigen algebra",
    "matplotlib projective-plane diagrams",
    "course projective/artifact helpers"
  ],
  "source_span": {
    "pdf_pages": "646-651",
    "printed_pages": "628-633"
  }
}
