{
  "expected_octant_area": 1.5707963267948966,
  "hyperboloid_distance": 0.5108256237659907,
  "poincare_disk_distance": 0.5108256237659907,
  "spherical_octant_area": 1.5707963267948966,
  "visual_artifact": "artifacts\\chapter-33\\figures\\tensor-valence-machine.png",
  "visual_metrics": {
    "file_size": 37578,
    "height": 748,
    "pixel_std": 73.77664402495755,
    "width": 899
  },
  "visual_title": "Tensor Valence Machine"
}