{
  "expected_octant_area": 1.5707963267948966,
  "hyperboloid_distance": 0.5108256237659907,
  "poincare_disk_distance": 0.5108256237659907,
  "spherical_octant_area": 1.5707963267948966,
  "visual_artifact": "artifacts\\chapter-27\\figures\\metric-curvature-circulation.png",
  "visual_metrics": {
    "file_size": 106992,
    "height": 748,
    "pixel_std": 28.755482512140016,
    "width": 832
  },
  "visual_title": "Metric Curvature Circulation"
}