{
  "expected_octant_area": 1.5707963267948966,
  "hyperboloid_distance": 0.5108256237659907,
  "poincare_disk_distance": 0.5108256237659907,
  "spherical_octant_area": 1.5707963267948966,
  "visual_artifact": "artifacts\\chapter-25\\figures\\egregium-via-holonomy.png",
  "visual_metrics": {
    "file_size": 50713,
    "height": 748,
    "pixel_std": 22.99621809995718,
    "width": 701
  },
  "visual_title": "Egregium Via Holonomy"
}