{
  "max_cosine_law_residual": 1.1723955140041653e-13,
  "min_area_defect": 0.48250808013995483,
  "right_triangle": {
    "pythagorean_residual": 4.440892098500626e-16,
    "right_angle_error": 0.0,
    "sine_rule_residual": 0.0
  },
  "triangles": [
    {
      "A_deg": 46.17708389230809,
      "B_deg": 52.650231960002834,
      "C_deg": 53.52700757470957,
      "a": 1.0839990114489577,
      "angle_sum_deg": 152.3543234270205,
      "area_defect": 0.48250808013995483,
      "b": 1.162391911935168,
      "c": 1.1718559650303597,
      "cosine_law_residual": 2.220446049250313e-16,
      "triangle": "compact triangle"
    },
    {
      "A_deg": 20.499057044469133,
      "B_deg": 31.545924391283382,
      "C_deg": 40.094477299177996,
      "a": 2.232371875315205,
      "angle_sum_deg": 92.1394587349305,
      "area_defect": 1.5334557276598066,
      "b": 2.6274803023258024,
      "c": 2.8335560590436075,
      "cosine_law_residual": 1.0658141036401503e-14,
      "triangle": "wide triangle"
    },
    {
      "A_deg": 12.194455529342635,
      "B_deg": 19.303558982930667,
      "C_deg": 16.433439158844596,
      "a": 3.6948016492893383,
      "angle_sum_deg": 47.9314536711179,
      "area_defect": 2.3050309717616626,
      "b": 4.142315190524688,
      "c": 3.9866778356937917,
      "cosine_law_residual": 1.1723955140041653e-13,
      "triangle": "near ideal triangle"
    }
  ]
}