{
  "measurement": {
    "angle_A": 0.6916069769414374,
    "angle_B": 0.42515347366068046,
    "angle_C": 1.5707963267948966,
    "angle_sum": 2.687556777397014,
    "area_defect": 0.45403587619277896,
    "cosine_law_max_abs_residual": 4.440892098500626e-16,
    "side_a": 1.236762627148927,
    "side_b": 0.8953840470548412,
    "side_c": 1.6370635052726727
  },
  "pythagorean_residual": 4.440892098500626e-16,
  "right_angle_error": 0.0,
  "sine_rule_residual": 0.0,
  "vertices": {
    "A": [
      0.42,
      0.0
    ],
    "B": [
      0.0,
      0.55
    ],
    "C": [
      0.0,
      0.0
    ]
  }
}