{
  "angle_parallelism_error": 2.220446049250313e-16,
  "cayley_distance_error": 2.220446049250313e-16,
  "cayley_roundtrip_error": 3.1401849173675503e-16,
  "dilation_count": 3,
  "endpoint_pair_count": 3,
  "frame_count": 15,
  "geodesic_orthogonality_max": 8.881784197001252e-16,
  "inversion_involution_error": 0.0,
  "inversion_product_error": 0.0,
  "lab_max_cosine_law_residual": 1.1723955140041653e-13,
  "lab_min_area_defect": 0.48250808013995483,
  "max_distance": 2.8208737073833636,
  "max_orthogonality_residual": 5.684341886080802e-14,
  "min_distance": 2.266347299812628,
  "neutral_min_area_defect": 0.44781682527639743,
  "right_triangle_pythagorean_residual": 4.440892098500626e-16,
  "right_triangle_right_angle_error": 0.0,
  "right_triangle_sine_rule_residual": 0.0,
  "sympy_tangent_identity": "0",
  "triangle_area_defect": 1.4949092823111947,
  "triangle_cosine_law_max_abs_residual": 7.993605777301127e-15,
  "vertical_distance_log_error": 2.220446049250313e-16
}