radius,period,period_over_2pi
0.7,6.283185307179586,1.0
1.2,6.283185307179586,1.0
1.7,6.283185307179586,1.0
