{
  "expected_octant_area": 1.5707963267948966,
  "hyperboloid_distance": 0.5108256237659907,
  "poincare_disk_distance": 0.5108256237659907,
  "spherical_octant_area": 1.5707963267948966,
  "visual_artifact": "artifacts\\chapter-03\\figures\\act-i-exercise-invariant-cards.png",
  "visual_metrics": {
    "file_size": 18180,
    "height": 748,
    "pixel_std": 103.68070530429175,
    "width": 703
  },
  "visual_title": "Act I Invariant Cards"
}