{
  "arc": {
    "arc_probability_cdf_difference": 0.3892230615779658,
    "arc_probability_residual": 0.0006155416717801288,
    "arc_probability_split_integral": 0.3886075199061857,
    "density_integral": 1.0
  },
  "arc_probability_ok": true,
  "cardioid_nonnegative_ok": true,
  "convolution": {
    "wrapped_normal_convolution_integral": 0.9999999999999997,
    "wrapped_normal_convolution_max_abs_error": 1.8041124150158794e-16,
    "wrapped_normal_phi_product_max_error_first_8": 1.6653345369377348e-16
  },
  "fourier": {
    "max_trig_moment_identity_error_first_12": 8.543513119185775e-17,
    "mixture_integral": 1.0,
    "reconstruction_l1_error_K20": 9.890925402637793e-08,
    "uniform_nonzero_characteristic_max_first_12": 6.834017936133213e-17
  },
  "models": {
    "A_kappa_minus_rho": 5.551115123125783e-17,
    "cardioid_min_density": 0.01591549430918953,
    "density_integrals": {
      "cardioid rho=0.45": 1.0,
      "projected normal, zero mean": 0.9999999999999998,
      "uniform": 0.9999999999999999,
      "von Mises matched rho": 1.0000000000000002,
      "wrapped Cauchy rho=0.45": 0.9999999999999998,
      "wrapped normal rho=0.45": 1.0
    },
    "kappa_matching_rho": 1.0102209479753739,
    "moment_fingerprints": {
      "cardioid rho=0.45": {
        "phi_1_abs": 0.45,
        "phi_2_abs": 0.0
      },
      "projected normal, zero mean": {
        "phi_1_abs": 5.551115123125783e-17,
        "phi_2_abs": 0.4266164787072931
      },
      "uniform": {
        "phi_1_abs": 6.206335383118183e-17,
        "phi_2_abs": 3.925231146709438e-17
      },
      "von Mises matched rho": {
        "phi_1_abs": 0.45000000000000007,
        "phi_2_abs": 0.10910578343903121
      },
      "wrapped Cauchy rho=0.45": {
        "phi_1_abs": 0.44999999999999984,
        "phi_2_abs": 0.2024999999999999
      },
      "wrapped normal rho=0.45": {
        "phi_1_abs": 0.45000000000000007,
        "phi_2_abs": 0.04100625000000002
      }
    }
  },
  "normalization_errors": {
    "arc_von_mises": 0.0,
    "mixture_density": 0.0,
    "model_cardioid rho=0.45": 0.0,
    "model_projected normal, zero mean": 2.220446049250313e-16,
    "model_uniform": 1.1102230246251565e-16,
    "model_von Mises matched rho": 2.220446049250313e-16,
    "model_wrapped Cauchy rho=0.45": 2.220446049250313e-16,
    "model_wrapped normal rho=0.45": 0.0
  },
  "normalization_ok": true,
  "projection": {
    "histogram_integral": 1.0,
    "mean_abs_density_gap": 0.10271092842417567,
    "projected_mean_direction": 0.30690352150361316,
    "projected_resultant_length": 0.766588579919815,
    "wrapped_match_integral": 1.0
  },
  "source_span": {
    "pdf_pages": "43-73",
    "printed_pages": "25-56"
  },
  "trig_moment_identity_ok": true,
  "uniform_characteristic_ok": true,
  "von_mises_bessel_ratio_ok": true,
  "wrapped_normal_characteristic_product_ok": true,
  "wrapped_normal_convolution_ok": true
}