{
  "image_points": {
    "left": [
      [
        -0.24699670382580813,
        -0.3455634749075776,
        1.0
      ],
      [
        0.08935401513376397,
        -0.14293475617626292,
        1.0
      ],
      [
        0.02139553483559357,
        0.2420985299228882,
        1.0
      ],
      [
        -0.13607005848923306,
        0.3882842299157523,
        1.0
      ],
      [
        0.35832568913530183,
        0.04666965307271666,
        1.0
      ]
    ],
    "right": [
      [
        -0.08013497057117322,
        -0.18053745070467192,
        1.0
      ],
      [
        0.1452965595064036,
        -0.2840357642592484,
        1.0
      ],
      [
        0.45123670862541515,
        0.4117921667430484,
        1.0
      ],
      [
        -0.061329742328704556,
        0.32412472762407324,
        1.0
      ],
      [
        -0.3646866364341962,
        0.046811134971421885,
        1.0
      ]
    ]
  },
  "left_projection_matrix": [
    [
      0.5055251169617325,
      0.0,
      1.2517764800957185,
      -0.25035529601914375
    ],
    [
      0.08905832662865384,
      1.3465790252265206,
      -0.03596586267695635,
      0.0071931725353913
    ],
    [
      0.9248921549348574,
      -0.07114555037960442,
      -0.37351413949292317,
      2.8858413872727042
    ]
  ],
  "line_endpoint_images": {
    "left": [
      [
        -0.366418956553041,
        0.12663083595496574,
        1.0
      ],
      [
        0.17631016214392634,
        0.23155077396543403,
        1.0
      ]
    ],
    "right": [
      [
        0.019637289022726486,
        0.11827433992224579,
        1.0
      ],
      [
        0.13691046124522033,
        0.3948654130425552,
        1.0
      ]
    ]
  },
  "line_segment": [
    [
      -0.75,
      0.25,
      -0.15
    ],
    [
      0.85,
      0.55,
      0.35
    ]
  ],
  "right_projection_matrix": [
    [
      0.49686540885996083,
      0.0,
      -1.2552389276462166,
      0.25104778552924306
    ],
    [
      -0.07282272942705706,
      1.3477262077993548,
      -0.028825663731543424,
      0.005765132746308686
    ],
    [
      -0.9282405486083755,
      -0.058015034288023466,
      -0.3674285504908153,
      2.6590224048677418
    ]
  ],
  "world_points": [
    [
      -0.8,
      -0.5,
      0.1
    ],
    [
      0.6,
      -0.4,
      0.2
    ],
    [
      0.9,
      0.6,
      -0.1
    ],
    [
      -0.5,
      0.7,
      0.15
    ],
    [
      0.2,
      0.1,
      0.9
    ]
  ]
}