{
  "bonnet_bound_delta_1": 3.141592653589793,
  "positive_curvature_first_zero_K1": 3.141592653589793,
  "row_count": 8
}