{
  "circle_cover_degree": 3,
  "deck_translation_edges": 3,
  "expected_displacement": 18.84955592153876,
  "lift_displacement": 18.84955592153876,
  "lift_end": 18.84955592153876,
  "lift_start": 0.0
}