{
  "artifact_count": 4,
  "artifact_sizes": {
    "completeness": 44792,
    "interactive": 396225,
    "jacobi": 93554,
    "total_curvature": 112560
  },
  "checks": {
    "fary_milnor_threshold": 12.566370614359172,
    "incomplete_model_final_coordinate": 178657464402252.25,
    "jacobi_positive_second_zero": 3.141592653589793,
    "sample_total_curvature": 17.769076618972733
  },
  "unit": "chapter-05"
}