{
  "area_radius_1": 3.412276265284902,
  "area_radius_4": 165.2995020131183,
  "area_radius_4_exceeds_100": true,
  "dependency_graph_edges": 7,
  "dependency_graph_nodes": 8,
  "quadrilateral_cap_scale": 6.283185307179586
}