{
  "complete_reference_value_at_1_25": -0.2513698630136987,
  "finite_time_failure": true,
  "initial_radius": 1.0,
  "punctured_plane_hit_time": 0.9999999999999999
}