{
  "estimate_error": 0.007497834495441058,
  "first_conjugate_estimate": 3.149090488085234,
  "first_conjugate_exact": 3.141592653589793,
  "index_at_half_pi": 2.356194490192345,
  "index_at_three_half_pi": -1.3089969389957472,
  "negative_curvature_final_separation_positive": true
}