{
  "sphere": {
    "absolute_error": 1.3855583347321954e-13,
    "edges": 1920,
    "euler_characteristic": 2,
    "faces": 1280,
    "gauss_bonnet_target": 12.566370614359172,
    "total_angle_defect": 12.566370614359034,
    "vertices": 642
  },
  "torus": {
    "absolute_error": 4.076183834911262e-13,
    "edges": 4704,
    "euler_characteristic": 0,
    "faces": 3136,
    "gauss_bonnet_target": 0.0,
    "total_angle_defect": -4.076183834911262e-13,
    "vertices": 1568
  }
}