{
  "circle_error_from_two_pi": 4.4231285301066237e-13,
  "circle_total_curvature": 6.283185307179144,
  "four_pi": 12.566370614359172,
  "oval_total_curvature": 6.556403639456685,
  "samples_per_curve": 900,
  "trefoil_exceeds_four_pi": true,
  "trefoil_total_curvature": 15.029190330874133,
  "two_pi": 6.283185307179586
}