choice,euclidean_center_x,euclidean_center_y,euclidean_radius
000,-0.028273381294964067,-0.06726618705035975,0.5093263518052428
001,0.6949289091355072,-0.8137975836237492,1.3611758622292516
010,-0.14458695979079303,1.0958695979079331,1.3491526842952903
011,0.819235474413055,0.6347090890541904,1.5780655624136903
