triangle,angle_a_deg,angle_b_deg,angle_c_deg,angle_sum_deg,area_defect
small near origin,90.0,42.229046629767495,42.229046629767495,174.458093259535,0.09672451945958116
moderate,37.66850010287343,36.0089160469324,36.484305819042774,110.1617219688486,1.218907895566815
near ideal,9.105253234660319,15.049570908691663,11.596452359333448,35.75127650268543,2.5176151668270492
