{
  "empirical_upper_tail_pvalues": {
    "kuiper_V": 0.0011098779134295228,
    "rao_L_degrees": 0.0011098779134295228,
    "rayleigh_Z": 0.004439511653718091,
    "watson_U2": 0.0011098779134295228
  },
  "interpretation_prompt": "Compare Rayleigh, omnibus CDF, and spacing p-values before naming the alternative geometry.",
  "origin_invariance": {
    "D_plus_range": 0.37619369427579485,
    "kuiper_V_range": 2.220446049250313e-16,
    "watson_U2_range": 1.4988010832439613e-15
  },
  "sample_size": 32,
  "stats": {
    "kuiper_V": 0.3858540871030319,
    "kuiper_V_star": 2.2588981183061048,
    "max_gap_degrees": 120.7912492796597,
    "rao_L_degrees": 182.32900342421425,
    "rayleigh_Z": 9.763936177859879,
    "rayleigh_p_chi2": 0.0075820771317603,
    "rbar1": 0.39059122209678576,
    "rbar2": 0.4507980325051493,
    "semicircle_max_count": 24,
    "semicircle_min_count": 8,
    "watson_U2": 0.35962745811430946,
    "watson_U2_star": 0.3655151172234172
  }
}