{
  "D_minus_range_across_origins": 0.2477493074792244,
  "D_plus_range_across_origins": 0.2477493074792243,
  "kuiper_V_range_across_origins": 3.3306690738754696e-16,
  "origin_a_degrees": 0.0,
  "origin_b_degrees": 118.00000000000001,
  "raw_W2_range_across_origins": 0.7452801982288336,
  "watson_U2_range_across_origins": 1.6653345369377348e-15
}