{
  "kuiper_V_rotation_range": 3.3306690738754696e-16,
  "lab_kuiper_V_range": 2.220446049250313e-16,
  "lab_watson_U2_range": 1.4988010832439613e-15,
  "pit_fitted_kuiper": 0.1272758704796503,
  "pit_uniform_model_kuiper": 0.5170515687138867,
  "rayleigh_identity_abs_error": 0.0,
  "rayleigh_rotation_abs_error": 0.0,
  "watson_U2_rotation_range": 1.6653345369377348e-15
}