{
  "fit": {
    "kappa": 1.6893690062839473,
    "mu": 2.195943002470198,
    "rbar": 0.641128483335997
  },
  "fitted_improves_kuiper_over_uniform_model": true,
  "fitted_improves_watson_over_uniform_model": true,
  "fitted_model_pit_stats": {
    "kuiper_V": 0.1272758704796503,
    "kuiper_V_star": 0.8780738147608238,
    "max_gap_degrees": 34.621467690025625,
    "rao_L_degrees": 112.8850651541105,
    "rayleigh_Z": 0.3705048617543271,
    "rayleigh_p_chi2": 0.8308945139460531,
    "rbar1": 0.06416167614829892,
    "rbar2": 0.12914152520313404,
    "semicircle_max_count": 27,
    "semicircle_min_count": 18,
    "watson_U2": 0.03171325069870138,
    "watson_U2_star": 0.030065574058173488
  },
  "pit_fitted_max": 0.9909066859124658,
  "pit_fitted_min": 0.017200162877541697,
  "uniform_model_pit_stats": {
    "kuiper_V": 0.5170515687138867,
    "kuiper_V_star": 3.5671289589903896,
    "max_gap_degrees": 62.12591022097999,
    "rao_L_degrees": 188.1837897920783,
    "rayleigh_Z": 36.99411589302443,
    "rayleigh_p_chi2": 9.264666750399948e-09,
    "rbar1": 0.641128483335997,
    "rbar2": 0.24401803754096935,
    "semicircle_max_count": 41,
    "semicircle_min_count": 4,
    "watson_U2": 0.9831125351419404,
    "watson_U2_star": 0.9983786235581811
  }
}