{
  "antipodal": {
    "chi2_df2_pvalue": 1.0,
    "mean_direction_radians": 2.117585167684144,
    "n": 32,
    "rbar": 4.670885906470169e-17,
    "second_harmonic_rbar": 0.8549988317253627,
    "statistic_2nRbar2": 1.396299209680746e-31
  },
  "uniform": {
    "chi2_df2_pvalue": 0.5383778520903465,
    "mean_direction_radians": 0.7847827019853877,
    "n": 32,
    "rbar": 0.13910367514367666,
    "second_harmonic_rbar": 0.07784762318430526,
    "statistic_2nRbar2": 1.2383892760625619
  },
  "unimodal": {
    "chi2_df2_pvalue": 6.6265702338246625e-09,
    "mean_direction_radians": 0.868859860687689,
    "n": 32,
    "rbar": 0.7671411717525439,
    "second_harmonic_rbar": 0.3888603326626704,
    "statistic_2nRbar2": 37.66435695346343
  }
}