{
  "empirical_upper_tail_pvalues": {
    "antipodal": {
      "kuiper_V": 0.00832639467110741,
      "rao_L_degrees": 0.0008326394671107411,
      "rayleigh_Z": 1.0,
      "watson_U2": 0.002497918401332223
    },
    "cluster with gap": {
      "kuiper_V": 0.2048293089092423,
      "rao_L_degrees": 0.020815986677768527,
      "rayleigh_Z": 0.7310574521232306,
      "watson_U2": 0.18484596169858453
    },
    "unimodal": {
      "kuiper_V": 0.0008326394671107411,
      "rao_L_degrees": 0.0008326394671107411,
      "rayleigh_Z": 0.0008326394671107411,
      "watson_U2": 0.0008326394671107411
    }
  },
  "n": 32,
  "null_quantiles_95": {
    "kuiper_V": 0.2982765436119515,
    "rao_L_degrees": 155.8390872740792,
    "rayleigh_Z": 6.112057836420041,
    "watson_U2": 0.19030420544691268
  },
  "observed": {
    "antipodal": {
      "kuiper_V": 0.34911352190154055,
      "kuiper_V_star": 2.0438085381431494,
      "max_gap_degrees": 110.34620385399084,
      "rao_L_degrees": 228.8617357691092,
      "rayleigh_Z": 1.396299209680746e-31,
      "rayleigh_p_chi2": 1.0,
      "rbar1": 4.670885906470169e-17,
      "rbar2": 0.8549988317253627,
      "semicircle_max_count": 16,
      "semicircle_min_count": 16,
      "watson_U2": 0.34677374440020325,
      "watson_U2_star": 0.35234006066645834
    },
    "cluster with gap": {
      "kuiper_V": 0.2488630958742802,
      "kuiper_V_star": 1.456914408259552,
      "max_gap_degrees": 83.47827973368733,
      "rao_L_degrees": 162.82488057164466,
      "rayleigh_Z": 0.6353847029162006,
      "rayleigh_p_chi2": 0.7278266687880026,
      "rbar1": 0.0996387775068805,
      "rbar2": 0.3695472194006916,
      "semicircle_max_count": 21,
      "semicircle_min_count": 11,
      "watson_U2": 0.12041421706527053,
      "watson_U2_star": 0.12032154514815227
    },
    "unimodal": {
      "kuiper_V": 0.6073054183755178,
      "kuiper_V_star": 3.555336363300581,
      "max_gap_degrees": 153.76836225766496,
      "rao_L_degrees": 207.3799506151864,
      "rayleigh_Z": 37.66435695346343,
      "rayleigh_p_chi2": 6.6265702338246625e-09,
      "rbar1": 0.7671411717525439,
      "rbar2": 0.3888603326626704,
      "semicircle_max_count": 31,
      "semicircle_min_count": 1,
      "watson_U2": 1.0348380807158537,
      "watson_U2_star": 1.0576060053899998
    }
  },
  "reps": 1200
}