{
  "max_gap_degrees": 83.47827973368733,
  "min_gap_degrees": 0.19282005267086788,
  "rao_spacing_L_degrees": 162.82488057164466,
  "semicircle_max_abs_deviation_from_half": 5.0,
  "semicircle_max_count": 21,
  "semicircle_min_count": 11,
  "smallest_covering_arc_degrees": 276.5217202663127
}