{
  "artifact_stats": {
    "concept-dependency-map.png": {
      "file_size": 82749,
      "height": 705,
      "pixel_std": 25.61438923301896,
      "width": 1073
    },
    "trajectory-generation-checks.png": {
      "file_size": 22443,
      "height": 617,
      "pixel_std": 72.65611651803874,
      "width": 1219
    },
    "trajectory-generation-lab.png": {
      "file_size": 57822,
      "height": 641,
      "pixel_std": 59.90818101664432,
      "width": 1343
    }
  },
  "chapter": "chapter-09-trajectory-generation",
  "lab_summary": {
    "acceleration_ratio_T1_to_T4": 16.0,
    "profiles": [
      {
        "duration": 1.0,
        "peak_acceleration": 8.123836739887311,
        "peak_speed": 2.6383588649006793
      },
      {
        "duration": 2.0,
        "peak_acceleration": 2.030959184971828,
        "peak_speed": 1.3191794324503396
      },
      {
        "duration": 4.0,
        "peak_acceleration": 0.507739796242957,
        "peak_speed": 0.6595897162251698
      }
    ],
    "speed_ratio_T1_to_T4": 4.0,
    "theme": "planning"
  },
  "metrics": {
    "path_nodes": 64.0,
    "quintic_terminal": 1.0
  },
  "worked_example": {
    "cubic_endpoint_acceleration_norm": 2.110687091920543,
    "cubic_peak_speed": 1.0553435459602716,
    "path_distance": 1.407124727947029,
    "quintic_endpoint_acceleration_norm": 0.0,
    "quintic_integrated_speed_error": 5.4965587636957025e-11,
    "quintic_peak_speed": 1.3191794324503396,
    "same_geometric_endpoint_error": 0.0
  }
}