{
  "estimated_lipschitz_constant": 2.0569524387109657,
  "lipschitz_scaled_source_bound": 0.1353937067238076,
  "observed_below_scaled_bound": true,
  "observed_image_box_area_sum": 0.12710565162951534,
  "source_area": 0.031999999999999994
}
