piece,integral
left chart,0.9045568434251863
right chart,0.9045568434251863
assembled,1.8091136868503725
whole,1.8091136868503725
