{
  "contraction_bound_L_epsilon": 0.55,
  "epsilon": 0.55,
  "equation": "y' = sin(y), y(0)=0.8",
  "final_error_against_solve_ivp": 0.5428639665689812,
  "lipschitz_bound": 1.0,
  "observed_max_ratio": 0.2148657302168215,
  "sup_norm_differences": [
    0.3945458499947371,
    0.08477438216313571,
    0.01306180012307434,
    0.0014724408133962585,
    0.00013250274144144258,
    9.90263148620274e-06,
    6.330867295956111e-07,
    3.536626114186703e-08
  ]
}
