{
  "equation": "y' = sin(y)",
  "initial_separation": 0.050000000000000044,
  "lipschitz_bound": 1.0,
  "max_actual_separation": 0.13660156317125538,
  "max_bound_violation": 0.0,
  "max_gronwall_bound": 2.7299075016572143
}
