{
  "equation": "y' = y(1-y)",
  "finite_difference_sensitivity_max_error": 7.991545647456633e-09,
  "sensitivity_max": 3.347348910458909,
  "sensitivity_min": 0.12842442829222372,
  "surface_phi_max": 0.9904568911511922,
  "surface_phi_min": 0.009543108848807862,
  "symbolic_variational_residual": "0"
}
